soc_code,occupation_text,communication,danger,experience,interaction_complexity,pace_of_work,physicality,uncertain_decisions,variety
000000,All Workers,0.21756566657229456,0.23049507867020366,1.0500019949319643,0.5150430544522611,0.8345834321444602,0.39919825780036755,0.33423201684669895,1.4020053071572995
110000,Management Occupations,0.21591291057541007,-0.29997099627189655,1.7074061817796307,2.282189734645992,0.7111579740992309,-0.4490872013909559,1.7695395013597153,1.5880598142567004
111011,Chief Executives,0.5401684739699314,-0.5413059596352675,0.39869715337975087,2.3337666499141916,-0.2191658725914499,-0.751401638803941,2.2378938167600846,0.45274842230238277
111021,General and Operations Managers,0.7771700388386307,-0.30095973483942334,0.44035098878318274,1.8394156042421925,-0.012122378204332013,-0.42832304161153245,1.784039125897361,1.6163382549436123
112021,Marketing Managers,-0.05001187154720133,-0.5880872169283882,0.3491128967098987,2.418220923149684,-0.10109440126358925,-0.9114648447504675,1.9500084567742841,1.1552364992275301
112022,Sales Managers,1.450209360669096,-0.46952092689237557,0.4053104814633693,3.1089447621826616,0.2068856785569175,-0.5821806690127611,1.7593534326992726,1.8169246027819945
112031,Public Relations and Fundraising Managers,0.6275434293248134,-0.5493716936513228,-0.5268897805153065,-0.6664500109077411,0.04947363775976982,-0.3846013462354433,-1.028115956871926,-0.9440069134076976
113011,Administrative Services Managers,1.3038760975905472,-0.5477585468481118,0.4094732655191817,0.4026575765753158,0.33349971137201484,-0.561613881664453,1.7146840831027308,0.401428521348076
113021,Computer and Information Systems Managers,0.5421384972818786,-0.7461756036430715,0.24615097740954792,1.9956111547838726,0.07684964485492587,-0.9150400067952941,1.8408105616072568,0.3505379301733141
113031,Financial Managers,0.7799107552929949,-0.7045026445601192,0.2668742741417862,1.715111000747516,0.14871166347971065,-0.9530912568844222,1.6670866374778943,-0.4777804020610412
113031,Treasurers and Controllers,0.7799107552929949,-0.7045026445601192,0.2668742741417862,1.715111000747516,0.14871166347971065,-0.9530912568844222,1.6670866374778943,-0.4777804020610412
113031,"Financial Managers, Branch or Department",0.7799107552929949,-0.7045026445601192,0.2668742741417862,1.715111000747516,0.14871166347971065,-0.9530912568844222,1.6670866374778943,-0.4777804020610412
113061,Purchasing Managers,-1.689819653084099,-0.9478189540444534,-0.4334905057828761,-1.2925590150209179,0.45326974241332285,-1.1382985169755988,1.7150675308088614,-0.9440069134076976
113121,Human Resources Managers,0.7852992131001609,-0.6784234379082072,0.26377582356573975,1.807866152711561,0.15213366436660541,-1.0157564254831142,1.3179842756560334,-0.0803485364467571
113131,Training and Development Managers,0.04400392384297415,-0.9478189540444534,-1.3823419039848026,-1.2929491167158853,-1.5930867879495998,-1.17693796310956,1.4999807676010792,-0.9440069134076976
119021,Construction Managers,-0.3096391107115521,0.8756144376247027,0.31913719296449006,0.8110247585753736,-0.296148451816577,0.6690113044699331,1.739957530900774,0.9957940624973105
119032,"Education Administrators, Elementary and Secondary School",-0.11253360383991672,-0.3012488225331794,-0.4334905057828761,1.977478421116536,0.2068856785569175,-0.21868770680617097,1.8275744531021623,1.3459875926088567
119033,"Education Administrators, Postsecondary",-0.21188867073180617,-0.62922246041027,-0.9452495781244762,2.12497213541796,0.5935717787759981,-0.7381066859560599,1.5992515813892865,0.6096077701090391
119041,Architectural and Engineering Managers,-0.017810183856399733,-0.48726554172769715,1.8667596319416724,0.423244742831418,-1.5930867879495998,-0.7443578471710428,2.0128799721734825,-0.9440069134076976
119051,Food Service Managers,0.617619596745671,0.9430218727222743,0.8068326692648415,0.16300271062886662,1.5006041007706479,-0.2172555134916622,1.719386119902367,0.03868942166809386
119111,Medical and Health Services Managers,0.2202510683940646,-0.47711579067857374,0.2556147906193211,1.7525474726243233,-0.1592684163407961,-0.5385229069760972,1.3576926011713162,0.44160893873686097
119141,"Property, Real Estate, and Community Association Managers",0.23987849952619966,-0.3041733795632424,-0.07667267635537918,1.0338750863219197,-0.036076384412593095,-0.2810975125851015,0.32163521618233604,0.40086874103881076
119151,Social and Community Service Managers,-0.44169742961796876,-0.424352816402466,-0.4257945812787989,1.5486031670868128,-0.6896785538094468,-0.31870783461962887,1.5429981202426357,1.5320843988780741
130000,Business and Financial Operations Occupations,0.08041537096720265,-0.7133246754840827,1.548886038201414,1.6052130841394943,0.5956393760844122,-0.892419233186394,1.4543402156984537,1.1891009199744813
131022,"Wholesale and Retail Buyers, Except Farm Products",0.035796304657801606,-0.6526130890568302,-1.3823419039848026,-0.06492820261401254,-1.5930867879495998,-0.5386964703373828,-1.028115956871926,-0.9440069134076976
131023,"Purchasing Agents, Except Wholesale, Retail, and Farm Products",-0.31410013862058217,-0.9478189540444534,-0.5851687572966835,0.7700270823118864,0.16239966702728878,-0.953199162336252,1.0631891869329686,-0.9440069134076976
131031,"Insurance Adjusters, Examiners, and Investigators",0.909083921338738,-0.5469519734465063,2.4276061364064763,0.49830979493168237,-1.5930867879495998,-0.9808420383437927,-1.028115956871926,1.865348273075339
131051,Cost Estimators,-0.004390600687550546,-0.4783932343100364,-0.7412731593896572,-0.3392589500138151,-0.4261844855185687,-0.2873769384048467,1.2054773533627317,-0.9440069134076976
131071,Human Resources Specialists,1.1481306143710237,-0.7623070716751821,1.2272726346970162,1.7973953839995378,0.5251317610381079,-1.039969782197852,0.06583559870834269,0.08544121180848054
131081,Logistics Analysts,-1.689819653084099,-0.9478189540444534,-1.3823419039848026,0.15225940797726117,-1.5930867879495998,-1.2087592225640618,-1.028115956871926,-0.9440069134076976
131111,Management Analysts,-1.689819653084099,-0.656645956064858,1.2825602615209497,0.666263430468085,-1.5930867879495998,-1.2087592225640618,1.8051982914957228,-0.9440069134076976
131121,"Meeting, Convention, and Event Planners",-1.2162322000808237,-0.3912833069366395,-0.5569246447358037,-1.1632380257473371,0.28216969806859704,-0.8489475856987181,0.24816085797172108,-0.32581555218242625
131131,Fundraisers,-1.169649827654272,-0.6017989647556822,-0.8515869368686919,-1.2925590150209179,1.0247438905247077,-0.8961266028640864,-1.028115956871926,-0.9440069134076976
131141,"Compensation, Benefits, and Job Analysis Specialists",-0.46349960365071596,-0.9478189540444534,-0.8349358006454415,-0.10608464911337295,0.7270298133648843,-1.1842829640723416,0.286258673340188,-0.9440069134076976
131151,Training and Development Specialists,-0.10117187956953635,-0.7977963013458252,-0.20724841834863575,-0.3985538688973225,-0.41249648197099054,-1.1412532328722593,0.23183322281380647,-0.11580665162990418
131161,Market Research Analysts and Marketing Specialists,-0.4610643848289087,-0.7155258143820615,1.0692133675373503,0.6693532150960584,0.4943337530560573,-0.9511709570912024,0.7620677184420738,0.623739887314796
132011,Accountants,0.2685413340633061,-0.6231731598982285,1.5044763396580583,1.2816727750771104,0.32494470915477863,-0.9665130592668744,1.4505521842089524,1.4602144638313679
132011,Auditors,0.2685413340633061,-0.6231731598982285,1.5044763396580583,1.2816727750771104,0.32494470915477863,-0.9665130592668744,1.4505521842089524,1.4602144638313679
132031,Budget Analysts,-0.23024762959398432,-0.9478189540444534,-0.4528526776415811,-1.216458339701063,0.6893878036090446,-1.195994702734489,-1.028115956871926,-0.9440069134076976
132051,Financial Analysts,-1.689819653084099,-0.8655484670806896,1.1042172107429176,-1.1566376472075157,-1.5930867879495998,-1.1874653868894665,1.030098915670233,-0.9440069134076976
132052,Personal Financial Advisors,-1.689819653084099,-0.9478189540444534,-0.4334905057828761,0.5845301746681089,-1.5930867879495998,-1.2087592225640618,0.9043558848718373,-0.9440069134076976
132053,Insurance Underwriters,-1.689819653084099,-0.9478189540444534,0.32216645598056737,-1.1639426638669212,-1.5930867879495998,-1.2087592225640618,1.030098915670233,-0.9440069134076976
132072,Loan Officers,-0.7573481182080304,-0.6663248368841242,-0.5288109554872908,-1.2029907233878812,-1.5930867879495998,-1.2087592225640618,0.3787819392350366,-0.9440069134076976
132082,Tax Preparers,0.08711618064306793,-0.9478189540444534,-0.6924372688919325,0.039573530145773826,-1.5930867879495998,-1.2087592225640618,-1.028115956871926,-0.9440069134076976
132099,"Financial Specialists, All Other",-1.689819653084099,-0.9478189540444534,-1.3823419039848026,-1.2925590150209179,-1.5930867879495998,-1.2087592225640618,-1.028115956871926,-0.9440069134076976
150000,Computer and Mathematical Occupations,-0.6557121555039244,-0.8389315448277072,1.196319657560484,1.1693182739735597,-1.5930867879495998,-1.0313785569130136,1.6521595618177982,-0.5072522950496987
151121,Computer Systems Analysts,-1.689819653084099,-0.9478189540444534,-0.3475117800157578,-1.2925590150209179,-1.5930867879495998,-1.1770213460101495,1.7564146596995003,-0.9440069134076976
151131,Computer Programmers,-0.5797015580126138,-0.9478189540444534,-0.20548184812450332,0.3775520667256649,-0.5493765174467715,-1.17693796310956,0.5205087382241035,-0.9440069134076976
151132,"Software Developers, Applications",-1.689819653084099,-0.9155560179802322,1.6074570840294624,-1.1449466507827266,-1.5930867879495998,-1.1729564557347907,1.387473845307778,-0.9440069134076976
151133,"Software Developers, Systems Software",-0.8295275298911574,-0.8340921044180739,-0.054677156703926574,0.18789657588059705,-1.5930867879495998,-1.0278486276341001,1.4304911979493342,-0.10205668409344182
151134,Web Developers,-0.6311072128691775,-0.9478189540444534,-0.8182846644221908,-0.7765510150527204,0.41220573177058845,-1.1678599472520763,0.9308281018820257,-0.9440069134076976
151141,Database Administrators,-0.6855341648858847,-0.9478189540444534,-0.8545613390275,0.14471762760922485,-1.5930867879495998,-1.1842829640723416,-1.028115956871926,-0.9440069134076976
151142,Network and Computer Systems Administrators,-0.401658436765795,-0.8332855310164684,1.3166178274675444,1.0253068559672767,0.2890136998423861,-0.2629815681840484,0.7819218811997154,0.7035588614438066
151143,Computer Network Architects,-1.1435230207949678,-0.9478189540444534,0.15554343811461124,-1.2433597618875047,-1.5930867879495998,-1.17693796310956,-1.028115956871926,-0.9440069134076976
151151,Computer User Support Specialists,0.5072896377274841,-0.8115080491731191,1.4466586771704202,0.7433459111234922,0.42931573620506136,-0.6483690730501782,-0.013081304554910357,0.5169612549977417
151152,Computer Network Support Specialists,-1.689819653084099,-0.9478189540444534,-0.8545613390275,0.09140979123664682,-1.5930867879495998,-1.0338779338322783,0.2889799458665072,-0.9440069134076976
151199,Information Technology Project Managers,-0.18572497929524712,-0.6622919698760966,0.4115546575470884,-1.0178538474738648,0.018675629777719013,-0.9938792275884196,1.7084494765563139,-0.10314303906449442
170000,Architecture and Engineering Occupations,-0.34815792891867436,0.06728250289932715,1.3412920329989138,1.2160593374304758,0.6416873865518463,-0.0540072036821346,1.5036235952619885,1.3095363661704718
172011,Aerospace Engineers,-1.689819653084099,-0.9478189540444534,-1.3823419039848026,0.12471004141534656,-1.5930867879495998,-1.2087592225640618,-1.028115956871926,-0.9440069134076976
172051,Civil Engineers,-0.4398244777269972,0.18852129859886244,0.7915591227500796,-0.5417622070609266,0.15213366436660541,0.1832975800457839,1.1988592991101845,0.2671502719818321
172071,Electrical Engineers,-0.033229397790055896,-0.6042186849604987,0.2845897438448028,-0.24551395517409666,-0.1592684163407961,-0.6494474268951138,1.1392968108372603,-0.9440069134076976
172072,"Electronics Engineers, Except Computer",-1.689819653084099,-0.9478189540444534,-0.4334905057828761,-1.1788637614413753,-1.5930867879495998,-1.2087592225640618,-1.028115956871926,-0.9440069134076976
172112,Industrial Engineers,-0.8153478060590452,-0.9478189540444534,0.006365372528518681,-1.2325832176854266,-1.5930867879495998,-0.7255633037364436,-1.028115956871926,-0.9440069134076976
172141,Mechanical Engineers,-0.14775531544024353,-0.6542262358600414,0.4018935263897485,1.1104845782730348,0.43958173886574475,-0.8034862115729476,1.6257237983994748,-0.3969388505819992
190000,"Life, Physical, and Social Science Occupations",-0.5125016172076867,0.7274539127068086,1.2538847321585234,1.1781756339591913,0.6124836659547294,-0.5379426540797065,1.3747475510026035,0.975986410863977
191042,"Medical Scientists, Except Epidemiologists",-1.689819653084099,-0.9478189540444534,-1.3823419039848026,-1.2925590150209179,-1.5930867879495998,-1.2087592225640618,-1.028115956871926,-0.9440069134076976
192031,Chemists,-1.689819653084099,-0.9478189540444534,-0.7760449341313471,-1.2465383040699443,0.9699918763343951,-1.2087592225640618,-1.028115956871926,-0.9440069134076976
194021,Biological Technicians,-1.3175972019311655,0.15484288644113428,-1.3823419039848026,-0.38451940190699047,-1.5930867879495998,-0.5822025638313063,-1.028115956871926,-0.9440069134076976
194031,Chemical Technicians,-1.689819653084099,-0.9478189540444534,-1.3823419039848026,-0.760199709651376,-1.5930867879495998,-1.2087592225640618,-1.028115956871926,-0.9440069134076976
194099,Quality Control Analysts,-1.689819653084099,-0.4836567892451725,-1.3823419039848026,-1.241109587496639,0.18977567412244484,-0.6376355792017389,0.21006304260325379,-0.9440069134076976
210000,Community and Social Service Occupations,1.4079912094846518,-0.3585621591284694,1.2259864024554563,1.5584191407858585,0.6424651571760358,-0.1742306675496147,1.494724302646333,1.5782374857099049
211011,Substance Abuse and Behavioral Disorder Counselors,0.9062557622563112,-0.9478189540444534,-0.19625794149292147,-1.0405665647024356,0.022097630664613326,-1.2087592225640618,0.9209010205032051,-0.9440069134076976
211012,"Educational, Guidance, School, and Vocational Counselors",-0.13044127825328872,-0.6881023187274735,0.6829779396376076,1.0671633838760473,0.31638970693754215,-0.8071060158936864,0.2889799458665072,0.7742338475696808
211014,Mental Health Counselors,0.8507225691750891,-0.4541960322618706,-0.23558369719240188,-0.6234646266573494,-0.21744243141800276,-0.15630819757091138,1.0267898885439593,1.0464674763229849
211015,Rehabilitation Counselors,-1.4801989771646165,-0.48242610131806407,-0.4439290386999002,-0.5835918344213682,0.20346367767002319,-0.7728630639829476,0.4849115677614808,-0.29403230641265315
211021,"Child, Family, and School Social Workers",-0.3964245393463447,-0.4170936557880163,1.1284964487899947,0.8984883851530104,0.03193001883607391,-0.06337326227092978,1.1326787565847132,1.9933902762054887
211022,Healthcare Social Workers,-0.6853437070750094,-0.4773767673404657,0.9120388817857157,0.7432752342895883,-0.06687439239464413,-1.0184662441640655,1.637688230508693,-0.11327392911682241
211023,Mental Health and Substance Abuse Social Workers,0.6047523919890314,-0.13834137536609653,0.17833849807273566,1.5636121351882013,-0.638348540506029,-0.16411803072853962,0.5502899823605655,0.9087891623886744
211092,Probation Officers and Correctional Treatment Specialists,-1.689819653084099,-0.42677253660728254,-1.0650967556498119,-1.1836042506544109,-1.5930867879495998,-0.9298277458182761,1.3643106554238629,-0.9440069134076976
211093,Social and Human Service Assistants,1.073182235673554,-0.21243187401630112,0.894526518693827,0.1411462734758836,0.28559169895549136,-0.06995481198708205,0.15563759207687228,1.294630938764372
211099,"Community and Social Service Specialists, All Other",-0.2953950307611534,-0.49936414275178004,-1.3823419039848026,-1.248610345030642,0.08027164574182019,-1.0986340500793956,-1.028115956871926,-0.9440069134076976
230000,Legal Occupations,0.7512920891306465,-0.5888937903299937,0.6967571385972706,2.6709531700756,-0.40565248019720146,-0.7100489494650909,1.089661403943157,1.403947382544072
231011,Lawyers,0.5972258728705527,-0.47516694070361426,1.5796936484886677,3.4183065141414293,-0.34063446334620556,-0.8045715008519952,2.0360431620573975,2.022576817616917
232011,Paralegals and Legal Assistants,0.6535507415155698,-0.6905220389322901,0.8968834373538047,0.07016154466843262,-0.37143247132825613,-0.9945476631257602,0.3570117590244841,-0.5868930390631444
250000,"Education, Training, and Library Occupations",1.0533807193881672,-0.23093049181453748,0.4683884612066437,1.0647435078519703,0.4808920910043576,0.20279755451163747,1.3025417420408438,0.8457547526435522
251011,"Business Teachers, Postsecondary",-0.7324329958190663,-0.9478189540444534,-0.5555966801131813,-1.1537405330153252,-1.5930867879495998,-1.2087592225640618,-1.028115956871926,-0.9440069134076976
251022,"Mathematical Science Teachers, Postsecondary",0.5278443161364196,-0.9478189540444534,-1.1908538374174216,-1.1792399718483157,0.1760876705748667,-0.5924210618471216,0.838175342346366,-0.9440069134076976
251032,"Engineering Teachers, Postsecondary",-1.689819653084099,-0.9478189540444534,-1.3823419039848026,-1.2042160478313246,-1.5930867879495998,-1.2087592225640618,-1.028115956871926,-0.9440069134076976
251042,"Biological Science Teachers, Postsecondary",-1.689819653084099,-0.8090883289683026,-0.6303608979183254,-1.2925590150209179,0.3506097158064873,-1.2087592225640618,1.3146752485297595,-0.9440069134076976
251071,"Health Specialties Teachers, Postsecondary",-1.3685231591784572,-0.5414677671663165,-0.9439714993693538,0.052690522927721625,-1.5930867879495998,-0.8615757339432885,-1.028115956871926,-0.9440069134076976
251072,"Nursing Instructors and Teachers, Postsecondary",-0.20879730617235034,-0.4970327356949758,-1.3823419039848026,-1.2942014843079659,-1.5930867879495998,-1.0386128335052764,-1.028115956871926,-0.9440069134076976
251121,"Art, Drama, and Music Teachers, Postsecondary",0.18743978985896995,-0.9478189540444534,-1.3823419039848026,0.049996992738983975,-1.5930867879495998,-0.8490957882348993,-1.028115956871926,-0.9440069134076976
251123,"English Language and Literature Teachers, Postsecondary",0.08172796830459296,-0.9478189540444534,-0.414588232898747,0.5188836133530437,-0.21744243141800276,-0.6836291750374905,0.9506822646396673,-0.9440069134076976
251194,"Vocational Education Teachers, Postsecondary",0.472674091539725,-0.7300441356109609,-0.8545613390275,-0.7132890813034547,0.38482972467543264,-0.7394074646156805,-1.028115956871926,-0.9440069134076976
251199,"Postsecondary Teachers, All Other",-1.689819653084099,-0.9478189540444534,-1.3823419039848026,-1.1696182174969876,0.02551963155150808,-1.2087592225640618,0.3243564887086551,-0.9440069134076976
252011,"Preschool Teachers, Except Special Education",1.1530848649141054,0.28943270875491267,1.104395957099069,0.5882762471597385,-0.04292038618638239,1.104298044753107,0.7379899127091547,-0.11302671965453935
252012,"Kindergarten Teachers, Except Special Education",0.9645500189365928,0.10307146173769216,-0.7537615115570953,-0.013686517421547435,0.39509572733611603,0.7274808927255686,0.39783084691927023,-0.20078700414332185
252021,"Elementary School Teachers, Except Special Education",1.093963191329906,-0.16339799883998551,0.3708220539561972,0.9377899523922277,0.2890136998423861,0.252972767159974,0.17740777228742496,0.6251527173828333
252022,"Middle School Teachers, Except Special and Career/Technical Education",1.0885168724330228,-0.32275853439555907,0.24574068550214448,1.0425675877692833,0.7304518142517786,-0.010000764283361262,0.10665468660312882,-0.42241893558053645
252031,"Secondary School Teachers, Except Special and Career/Technical Education",1.0756839564074412,-0.3950969500494099,0.1849174232547307,0.8669927438043799,0.48748975128226824,0.048974367997330785,1.6035984637113327,0.8003636729751746
252032,"Career/Technical Education Teachers, Secondary School",-0.2513871189387544,-0.12306756382951835,-1.3823419039848026,-1.2870691997764312,0.4053617299967994,-0.5473510972384967,0.45769884249829,-0.9440069134076976
252052,"Special Education Teachers, Kindergarten and Elementary School",-0.4671970002261538,-0.2581848426318862,-0.8890519933710056,0.7186699008467283,-1.5930867879495998,-0.6109466477705626,1.644153531108192,-0.9440069134076976
252053,"Special Education Teachers, Middle School",1.2098799753270908,-0.40741477496875006,-0.8370171926733477,-1.2915919373947684,0.8228458381979312,-0.49750719835300183,0.40599466449822735,-0.9440069134076976
252054,"Special Education Teachers, Secondary School",0.7893610266786024,-0.625996166803848,-0.9619007143477267,-0.5957646517590262,0.8741758515013486,0.01636143871709036,1.5724474699137447,-0.5957082843428426
252059,"Special Education Teachers, All Other",-0.7130462092894562,-0.35256778365957403,-1.3823419039848026,0.32085120482323976,0.09395964928939854,-0.8192592877577397,-1.028115956871926,-0.9440069134076976
253021,Self-Enrichment Education Teachers,0.3034931389584649,-0.46871435349077006,-1.3823419039848026,-1.29365857141654,0.6072597823235762,-0.048198715078224354,-1.028115956871926,-0.9440069134076976
253099,"Teachers and Instructors, All Other",0.06080321256054528,-0.14262313092636567,-0.6206430517662465,-0.060321735156993,-1.5930867879495998,0.4061058713043335,-1.028115956871926,-0.9440069134076976
254021,Librarians,0.578222704369061,-0.7171389611852725,0.003536385361097375,0.49285283868485463,0.6620117965138884,0.27199584093014323,0.17468649976110592,-0.9440069134076976
254031,Library Technicians,0.5415781988165881,-0.9478189540444534,-0.8266102325338162,-0.7987269449161161,-1.5930867879495998,-0.4151985811073082,0.33796285134025045,-0.9440069134076976
259031,Instructional Coordinators,0.6538496773733062,-0.6647116900809131,0.09439307167065493,-0.33663819727317257,0.37456372201474925,-0.6963895155872816,0.6363246876436783,-0.18433195080167533
259041,Teacher Assistants,0.9428378416989865,0.04024580317074972,0.35146409486192626,0.10927934716863591,0.6769637959879883,0.6480739049323566,0.15835886460319132,0.2694766568057542
259099,"Education, Training, and Library Workers, All Other",-0.9004718949052624,-0.9478189540444534,-0.14830847450327428,-0.7992843517108648,-1.5930867879495998,-0.7841981419797012,-1.028115956871926,-0.9440069134076976
270000,"Arts, Design, Entertainment, Sports, and Media Occupations",0.11229554651073038,-0.3501163449497774,1.179872643399656,0.9457654346289895,-0.15584641545390157,-0.1578168365996367,1.1138624490228444,1.7934476147861056
271024,Graphic Designers,-0.07085694644261396,-0.9478189540444534,0.7775947465271381,0.04254846292566288,0.26848169452101867,-1.0015960356845837,0.6590730094459015,-0.9440069134076976
271026,Merchandise Displayers and Window Trimmers,-0.2777646153975898,-0.4969444225469635,-1.3823419039848026,-0.6146334427641548,0.843377843519298,-0.0272387708508592,0.6645155544985397,0.05110112242871005
272022,Coaches and Scouts,0.2818010194683854,0.08183416523774953,0.6255957203588552,-0.8638732119998694,-0.015446564452138286,0.5833438636320487,0.28353740081386897,-0.22858545459165533
273031,Public Relations Specialists,0.7730984945640962,-0.42757911000888826,-0.04906262422775583,1.0297523177725845,0.2972388852500614,-0.4745688414927236,0.5502899823605655,-0.9440069134076976
273041,Editors,-1.689819653084099,-0.9478189540444534,-1.3823419039848026,0.7258297083727118,-1.5930867879495998,-0.9141799896749468,-1.028115956871926,-0.9440069134076976
290000,Healthcare Practitioners and Technical Occupations,0.6108710144476162,0.1938509487055514,1.44876156301983,1.0650995912207963,1.004834671281314,0.8592231586227684,1.3760110670351549,1.6194884194505745
291031,Dietitians and Nutritionists,-1.689819653084099,-0.5232165505755577,-0.7836643280777664,-1.243700565861171,-1.5930867879495998,-1.0088525793803074,-1.028115956871926,-0.9440069134076976
291051,Pharmacists,0.656826870729283,0.027910941088046228,0.9404472352140067,0.8795839904561842,0.07456894379546464,-0.2249216946398247,1.3212933027823066,0.24890539025389466
291071,Physician Assistants,-1.689819653084099,-0.2642090844595315,-1.3823419039848026,-1.2925590150209179,-1.5930867879495998,0.5163233995491782,0.89773783061929,-0.9440069134076976
291122,Occupational Therapists,-0.2506186791161464,-0.10130013876394317,0.24736924247449832,0.7288024169816933,0.2239956829913902,0.1702775413403807,1.7264391751018209,-0.28692873653674156
291123,Physical Therapists,-0.007407089529025456,-0.19139249958040774,0.13886437385982886,0.8578142927535022,0.08711564751560925,0.4859400818550868,1.6521960154096633,0.13217086485054869
291126,Respiratory Therapists,-0.6295578153557914,-0.02364640396440945,0.5437617966859396,1.0601868286859115,-1.5930867879495998,0.8211858277194316,0.5039604754457141,-0.9440069134076976
291127,Speech-Language Pathologists,1.0475865605659118,-0.30004990167364065,-0.7350289833059382,0.793260649221796,0.26505969363412435,-0.37012099241259266,1.6841208439050974,0.578078669583075
291141,Registered Nurses,0.9204151017782382,0.3331572699862486,1.8157042094890081,1.7815692023933771,1.1531758233237603,1.0126779752959414,1.4271821708230608,1.803710832404101
291141,Acute Care Nurses,0.9204151017782382,0.3331572699862486,1.8157042094890081,1.7815692023933771,1.1531758233237603,1.0126779752959414,1.4271821708230608,1.803710832404101
291141,Critical Care Nurses,0.9204151017782382,0.3331572699862486,1.8157042094890081,1.7815692023933771,1.1531758233237603,1.0126779752959414,1.4271821708230608,1.803710832404101
291141,Clinical Nurse Specialists,0.9204151017782382,0.3331572699862486,1.8157042094890081,1.7815692023933771,1.1531758233237603,1.0126779752959414,1.4271821708230608,1.803710832404101
291171,Nurse Practitioners,0.6208752280867592,-0.2472249883207756,0.8951879676841038,-0.012786926465410322,1.043027483233742,0.29447900911807273,1.609178662768107,0.25903628030622233
292011,Medical and Clinical Laboratory Technologists,-1.689819653084099,-0.04203184323249814,1.177816177497292,-1.2925590150209179,-1.5930867879495998,-0.8034584734072564,0.7190503658005176,-0.9440069134076976
292012,Medical and Clinical Laboratory Technicians,0.08095774971114339,0.28387797140443016,0.20295634565752463,-0.13079315426727897,-1.5930867879495998,0.1565704585406581,0.13114613934000055,-0.9440069134076976
292021,Dental Hygienists,-1.1284631163209942,-0.25784004840749797,-0.5497850928222763,-1.2213163822114768,0.5353977636987912,-1.2087592225640618,0.9067088093409378,-0.9440069134076976
292034,Radiologic Technologists,-0.5339878752439777,0.19110292688588382,-0.017647282781423548,0.08596324774227222,-1.5930867879495998,0.030119780957968276,0.2182268601822111,-0.9440069134076976
292041,Emergency Medical Technicians and Paramedics,0.6494475823455335,0.41878292612946,-0.5116055515907636,-1.234493379088428,1.94120632535102,3.1646678304907025,1.0267898885439593,0.02469294777442663
292052,Pharmacy Technicians,0.8133497631980269,-0.24139334377701913,-0.010039946219203462,0.40212449853436244,1.3232625183641262,0.026257906102049585,-0.026687667186505736,0.003231306484946792
292053,Psychiatric Technicians,-1.340419248558491,0.0367228156397593,-0.2129336463538966,0.04817856613800851,0.10080365106318762,0.29165176177853613,-1.028115956871926,-0.9440069134076976
292055,Surgical Technologists,-0.1171687258063113,-0.02958878656841565,0.3229658335720779,-0.6959386340469212,-1.5930867879495998,0.2622451333405027,0.1120972316557671,-0.9440069134076976
292056,Veterinary Technologists and Technicians,-0.142660833681132,0.17776243648360426,-1.3823419039848026,-0.10408676561918122,-1.5930867879495998,0.6319484139639684,-1.028115956871926,-0.9440069134076976
292061,Licensed Practical and Licensed Vocational Nurses,1.6498643096394578,0.32674428228891117,1.337359448223853,0.6313082567359052,-0.5527985183336658,1.280774944155237,1.1886650700864163,0.9234402893672348
292071,Medical Records and Health Information Technicians,-0.2162662373028741,-0.8106690077046297,1.787657432538781,-0.021095720754953418,-1.5930867879495998,-0.8928272033507462,0.19645667997165842,-0.9440069134076976
310000,Healthcare Support Occupations,1.4598691576422909,0.1767280278167968,1.3353159348017223,0.2304244613742615,0.7490398676615234,0.9002461334373631,-0.12879102034591072,1.3250472992686784
311011,Home Health Aides,0.7022025147311484,0.33217607065111854,1.0511621344994573,-0.05413203772759137,0.14186766170592136,1.2786980414398228,-1.028115956871926,1.781011202950411
311013,Psychiatric Aides,-0.7782166837276702,0.274997938686824,-1.0847052096931062,-0.9752226597292996,-1.5930867879495998,0.4239636902304821,-1.028115956871926,-0.9440069134076976
311014,Nursing Assistants,1.5589465700538807,0.40183995557791524,1.486662733712391,0.1788698599143732,0.09825723543957063,1.609617421485819,-1.028115956871926,1.157407976536105
311015,Orderlies,-1.689819653084099,0.0037761187207054083,-1.3823419039848026,-1.2925590150209179,-1.5930867879495998,0.6351903680556947,-1.028115956871926,-0.9440069134076976
312021,Physical Therapist Assistants,-0.7651135609648468,-0.37035968532675534,-1.3823419039848026,-0.05728105272172267,0.1213356563845546,0.2942276762140425,-1.028115956871926,-0.9440069134076976
319091,Dental Assistants,0.8184442810059473,-0.3010079594268356,0.6955002882106391,0.021357569095422482,0.04262963598598075,-0.832951217727772,0.02501651081355655,-0.4805229109513157
319092,Medical Assistants,0.7683247360633807,-0.1881849934230062,2.267784292829637,0.2496746962420387,-0.2208644323048975,0.1680716034864509,0.0440654184977902,0.8844727322812895
319093,Medical Equipment Preparers,-0.8219202976107665,0.07775922776487161,-0.7708355228797585,-0.6097990133646892,-1.5930867879495998,0.5423868449896929,-1.028115956871926,-0.9440069134076976
319095,Pharmacy Aides,0.23636998649780133,-0.5019864304021129,-0.7722609456795372,-0.5750206264426211,0.41904973354437797,-0.08476059809745295,-1.028115956871926,-0.9440069134076976
319097,Phlebotomists,0.4523509744823831,-0.06482773688036983,0.5948123287628777,-0.7592218600075121,-0.4843585005957755,-0.40670986872726383,0.35973303155080294,0.03868942166809386
319099,"Healthcare Support Workers, All Other",-1.229780419190768,-0.577707192354066,0.3139213765115405,-0.04839586485910263,-1.5930867879495998,-0.22124587287413575,-1.028115956871926,-0.9440069134076976
330000,Protective Service Occupations,0.6313097468837826,1.3520196810015372,0.7704173346761125,1.1677899504866116,1.0047959251447602,0.8898145942844922,0.6906904245659581,2.7204815504398914
331011,First-Line Supervisors of Correctional Officers,0.49384293190871315,0.05748559544372884,-0.8545613390275,-1.2437376618946518,1.9791075919815897,0.8834569638723831,-1.028115956871926,-0.9440069134076976
331012,First-Line Supervisors of Police and Detectives,0.15225602604951852,0.7831358245976263,1.500320578011674,2.9954862434903395,1.3489990342483695,0.5980065728472744,1.665432123914758,0.08231078338377232
331021,Municipal Fire Fighting and Prevention Supervisors,-0.15075404222296246,3.7172366229800446,0.9021306576097257,-1.258304084203056,2.3154813333278947,0.7904598973050497,2.0724424604464065,1.7497729546130254
332011,Municipal Firefighters,0.6177021772588448,5.251396878599322,0.2530822854901031,1.6094092509896447,2.0217465169409805,1.583516397643963,1.4635814692120699,2.775858723944478
333012,Correctional Officers and Jailers,0.4599199748877867,1.188529874134963,1.2041476768737134,1.0280912125459731,1.4153585392989942,0.8548749409770776,1.0020029949335998,0.19065277245300996
333051,Police Patrol Officers,0.8356736121257122,1.4158782753373107,3.2799622836984814,3.465648994752195,2.0549101252427286,2.021261769589409,1.2187134618678264,3.1925575670278024
333051,Sheriffs and Deputy Sheriffs,0.8356736121257122,1.4158782753373107,3.2799622836984814,3.465648994752195,2.0549101252427286,2.021261769589409,1.2187134618678264,3.1925575670278024
339032,Security Guards,-0.060115562107461225,-0.04656863615667165,1.0375711972225623,0.2579398439343829,0.4039750379711909,0.4982562899028167,-0.26354964382114426,2.509516645384747
339091,Crossing Guards,-0.6158548218472032,0.4853574116802655,-1.3823419039848026,-1.2957999334862103,-1.5930867879495998,-0.9317924298781395,-1.028115956871926,-0.9440069134076976
339092,"Lifeguards, Ski Patrol, and Other Recreational Protective Service Workers",0.7812173909243822,1.1750629144263316,-0.5297281258046809,-0.5813157563042398,-0.44671649083993586,0.9428736125278494,-1.028115956871926,0.436326856221958
350000,Food Preparation and Serving Related Occupations,1.7247219857915188,1.0066988876065215,0.6123936713612963,-0.16085832990987717,1.1831809927396275,0.37900078643025537,-0.7587099767663376,1.9562907592764478
351011,Chefs and Head Cooks,0.11622897327904136,0.997164185940432,-0.7296301689358331,-0.8640348029111805,0.5814983849793337,-0.06928366353736937,0.3542904864981649,-0.9440069134076976
351012,First-Line Supervisors of Food Preparation and Serving Workers,1.947317399326113,1.3203483428442884,1.409496028458733,0.6161594435813434,1.3416817225511,0.6347714912157019,0.814185543446089,0.07414753685124108
352011,"Cooks, Fast Food",0.9310731476830634,1.2860336856985182,-1.2685109149410119,-0.5618923536839177,1.5337677090723958,0.3328042079521776,-1.028115956871926,0.2767653378977961
352012,"Cooks, Institution and Cafeteria",0.06161182965558165,1.52128354926815,0.8090342914099724,-0.2719380147247484,1.183802829519898,0.8937348420970486,-1.028115956871926,0.79581215833665
352014,"Cooks, Restaurant",0.7440044831859401,1.6136629672407827,1.0725890623815015,-0.4120913606525929,1.4916666709307425,0.5308673715534935,-1.028115956871926,0.1830546049137642
352015,"Cooks, Short Order",0.8730974830057613,0.9207780274167666,-0.785521077204985,-0.293307897185548,1.425883798834408,0.6308466679524583,-0.8621183327664625,0.2514381127669766
352021,Food Preparation Workers,0.6598753293694977,0.723811524895801,-1.0868773395510931,-0.4040320642890978,1.2811614802224724,0.3269892994406515,-1.028115956871926,1.614869318000991
353011,Bartenders,2.1664422526698663,1.081931075145124,-0.30201730555267775,0.14916831647330378,1.2447705510143028,0.47462679343679676,-1.028115956871926,0.10960565203438814
353021,"Combined Food Preparation and Serving Workers, Including Fast Food",2.0972725446681357,1.1650524749358848,0.2122348466951851,-0.33336756139577023,1.358474350906012,0.41411680996302175,-1.028115956871926,0.40086874103881076
353022,"Counter Attendants, Cafeteria, Food Concession, and Coffee Shop",2.1424794587722076,0.8534875640936541,-1.1244341589377527,-0.6417322520165264,2.1273520056665176,0.27087884892372693,-1.028115956871926,1.5866925820724946
353022,Baristas,2.1424794587722076,0.8534875640936541,-1.1244341589377527,-0.6417322520165264,2.1273520056665176,0.27087884892372693,-1.028115956871926,1.5866925820724946
353031,Waiters and Waitresses,2.30698060618164,0.52298541959942,0.786194626909725,0.18368881389903774,1.4995606155823022,0.14850494881092974,-0.6716292559241271,0.39073785098648306
353041,"Food Servers, Nonrestaurant",0.31625536155026457,0.46964531997577674,-0.9049096322456964,-0.36976291945744477,0.7283657931727909,0.7051698097083564,-1.028115956871926,0.4034014635518928
359011,Dining Room and Cafeteria Attendants and Bartender Helpers,1.1924567900233813,0.8811838144909214,0.06413005819568542,-0.48143284302033856,1.362732241621927,0.834382424631158,-1.028115956871926,0.16785826983527266
359021,Dishwashers,-0.23633326770899005,1.7770784763137908,-7.41244866683496e-05,-0.6588238182167686,1.3495756672026602,0.6690207976244749,-1.028115956871926,0.023493086589602325
359031,"Hosts and Hostesses, Restaurant, Lounge, and Coffee Shop",2.2527672207079417,-0.10080853716763169,-1.2655895007914932,-0.17442399647852488,0.9557733929562096,-0.33779573267277474,-0.913822510766525,1.9336755663647196
359099,"Food Preparation and Serving Related Workers, All Other",0.2902749697370074,0.6955491194990063,-1.3823419039848026,-0.8621184590412928,-1.5930867879495998,-0.17268469149844143,-1.028115956871926,-0.9440069134076976
370000,Building and Grounds Cleaning and Maintenance Occupations,-0.4406769037367523,1.3427370361211355,0.2525220373264886,-0.4133189800109132,0.6190748685432136,1.588222875669705,-0.8135056814192203,0.7710618448853892
371011,First-Line Supervisors of Housekeeping and Janitorial Workers,-0.20959255158675097,0.5030329833382476,-0.3990513067197908,0.05925719348814612,0.28216969806859704,1.24928411043565,0.11481850418208614,-0.15633021183921525
371012,"First-Line Supervisors of Landscaping, Lawn Service, and Groundskeeping Workers",0.5896752677960664,1.0768469714439919,-0.15760983148265809,0.11742594279806644,0.0665836421942425,0.4416769379514193,0.5502221083931382,0.6850433674153252
372011,"Janitors and Cleaners, Except Maids and Housekeeping Cleaners",-0.619638451458691,1.0463250527305408,0.21729640941141856,-0.5512257757561354,0.5011648394509945,1.6438419009010106,-1.028115956871926,0.5521679971591208
372012,Maids and Housekeeping Cleaners,-0.4543893069392949,0.16556697154502395,0.23124675146554904,-0.41569325973288507,0.3061237042768588,1.582883703065375,-1.028115956871926,0.5398780455096532
373011,Landscaping and Groundskeeping Workers,-0.11186016221314615,2.6312202116396,0.2241379928601005,-0.3757691150847683,0.44984774152642815,1.9443636316636104,-0.8321843349769528,1.1502755586683817
390000,Personal Care and Service Occupations,1.4475064137103157,0.5077192141824024,0.9345806372095399,0.2420691989458071,0.6529839590220236,0.6635308543423298,-0.05494640800879439,1.6789935233935005
391021,First-Line Supervisors of Personal Service Workers,0.9227558403879785,0.13404186900378978,-1.0275282891993702,0.16883877699698527,0.1726656696879724,0.46359673224479453,1.6747167703058259,0.75118862613605
392021,Nonfarm Animal Caretakers,0.4396038202708456,0.2567537818168285,-0.7679846772802013,-0.7327545981844023,0.8278566180780366,0.9368344230368948,-1.028115956871926,-0.9440069134076976
393011,Gaming Dealers,2.1687276795167363,-0.13327689345040228,-0.29760127879491227,-0.006579561551565787,0.5151711683758372,-0.6270930780883207,-1.028115956871926,-0.9440069134076976
393031,"Ushers, Lobby Attendants, and Ticket Takers",1.41843567010458,-0.4969444225469635,-1.3823419039848026,-0.5010447116306486,-1.5930867879495998,-0.03343346313632571,-1.028115956871926,0.6850433674153252
393091,Amusement and Recreation Attendants,1.6501012875963312,0.8534457683362469,-1.3382475789045511,-0.48934035727593417,0.4772699017452673,0.18288088985944917,-0.4430423637133247,0.29702711800245146
395012,"Hairdressers, Hairstylists, and Cosmetologists",1.5625867486012635,0.048413568926899075,1.2757631074506506,-1.2482805847583132,-0.018966379978120645,-0.4589288638675521,0.7733664555513028,-0.9440069134076976
399011,Childcare Workers,1.1536679544588826,0.7082405365913179,1.0643804094594351,-0.6079092130088812,-0.2619284429476319,0.8289223388663596,-1.028115956871926,-0.30225983308347654
399021,Personal Care Aides,1.1380181403200054,0.38188691336318925,0.7718069351755417,0.17153771540214288,0.24110568742586264,1.3664621894906661,-1.028115956871926,1.9965978150145531
399031,Fitness Trainers and Aerobics Instructors,1.524991054550778,-0.06727272465692682,-0.17908661736931428,-0.4462491816534282,-0.018966379978120645,-0.13627425680603683,0.01685269323459944,-0.9440069134076976
399032,Recreation Workers,0.9574814828880749,0.7035628284586593,0.5901464135838623,-0.20734991640687794,-0.07371839416843319,0.34430476218264805,0.12570359428736247,0.11225222756641912
410000,Sales and Related Occupations,0.8853210137673186,-0.3048274334336785,0.921232059450099,0.8276487636283317,0.968255519782097,0.2592646391113878,0.052159456040038056,1.836526890673053
411011,First-Line Supervisors of Retail Sales Workers,0.9815105864500289,-0.10306456634938936,1.6760413386413675,1.2445030106814716,1.1759088848683377,0.4251072204796774,0.34340539639288875,0.7474890599396977
411012,First-Line Supervisors of Non-Retail Sales Workers,0.5941951003735333,-0.5832477765187549,-0.04698123219984963,1.6959698197978021,0.02551963155150808,-0.40097723980729366,0.5933073350021217,0.5156328751084681
412011,Cashiers,1.0133991352468623,-0.07322331730387986,0.3220764355366575,-0.2563219226498417,0.4867452184029098,0.5493758543604511,-1.028115956871926,0.3831396834472375
412021,Counter and Rental Clerks,1.5574408889294955,-0.32944642352248893,-1.0131573988421303,-0.08150082046918598,-0.5801745254288221,-0.09081764217538965,-1.028115956871926,-0.39440612806891717
412022,Parts Salespersons,0.029605159014984207,-0.29851496902884567,-0.7423270668841854,0.7934267985385962,0.10764765283697625,0.9893724650468521,0.17740777228742496,-0.9440069134076976
412031,Retail Salespersons,0.9914823855120481,-0.4557607132962982,0.5198681166652915,0.6641648870575619,0.9516446560288073,0.27961535657669745,-0.2226192890814794,1.8982759007445082
413011,Advertising Sales Agents,-1.042324676355031,-0.3856372931254008,-1.3823419039848026,1.4561732582532207,-1.5930867879495998,-0.9583072359364644,-1.028115956871926,-0.9440069134076976
413021,Insurance Sales Agents,1.4480829521449796,-0.511462743775863,1.464463973386655,1.0989371333292577,0.6483237929663107,-0.9383139829672271,0.49734554834018846,-0.48426460010812683
413031,"Sales Agents, Financial Services",-0.6552376399370801,-0.745369030241466,-0.7345025002353989,3.494316574925397,-1.5930867879495998,-1.0410349930238885,0.18285031734006302,0.22104544260999334
413099,"Sales Representatives, Services, All Other",1.2871328340437687,-0.5332402256192124,1.1331570693872612,0.9591451659769094,-0.029232382638804465,-0.7595255233546865,0.8187712801845427,1.1770862554694979
414011,"Sales Representatives, Wholesale and Manufacturing, Technical and Scientific Products",1.1766576384267406,-0.3566006506676017,1.8164926590885122,2.929809003799498,0.7233227248455574,-0.5701777109860431,0.07127814376098096,1.4508306832289153
414012,"Sales Reps., Wholesale and Manufacturing, Except Technical and Scientific Products",1.5401980982003323,-0.24352816171615155,1.2714360429710787,2.2697557580309535,0.2239956829913902,-0.22631310390875575,1.1529000463218346,1.649801143187514
419041,Telemarketers,1.6903921724120958,-0.9478189540444534,-0.7808134824782091,1.5392335812803875,-1.5930867879495998,-1.2087592225640618,-1.028115956871926,-0.9440069134076976
419099,"Sales and Related Workers, All Other",0.9684349514993568,-0.5703426020930665,0.1702966639544014,-0.010342762835052678,0.17405976870071005,-0.06508877081314494,-1.028115956871926,-0.9440069134076976
430000,Office and Administrative Support Occupations,0.47431258281693617,-0.7711995625711141,0.9097936415531084,0.3740001765290915,0.7532783853091619,-0.5699825043187414,0.03396232345368546,0.7356039905545689
431011,First-Line Supervisors of Office and Administrative Support Workers,1.2739672561068323,-0.7515538474733403,1.6955179544616747,0.9004723375417616,-0.09082839860290585,-0.6859547544259451,0.20734177007693494,0.44604502463144724
433011,Bill and Account Collectors,1.1801726770879444,-0.9478189540444534,1.2241183386062522,0.8636496043785155,0.3300777104851201,-1.0346138838078467,0.3325203062876122,-0.11302671965453935
433021,Billing and Posting Clerks,0.9086167221514146,-0.9478189540444534,1.0775789982810289,0.9219483520527864,-0.04292038618638282,-0.9517025508269741,0.36517557660344124,-0.4256727331458267
433021,"Billing, Cost, and Rate Clerks",0.9086167221514146,-0.9478189540444534,1.0775789982810289,0.9219483520527864,-0.04292038618638282,-0.9517025508269741,0.36517557660344124,-0.4256727331458267
433031,"Bookkeeping, Accounting, and Auditing Clerks",0.26786026520794204,-0.9203954583898655,1.3111084228777332,0.3947245358766349,0.5477636521150174,-0.9394774656590382,0.3837429633162952,-0.12141817474223984
433051,Payroll and Timekeeping Clerks,0.2099912603546547,-0.9478189540444534,1.2685161713413864,0.32732612606181083,0.15555566525349973,-0.8291665424740665,0.44409247986669464,-0.34613997532786767
433061,Procurement Clerks,-0.06330354909924103,-0.9478189540444534,-1.0847052096931062,0.12353762830315751,0.36087571846717087,-1.0197260273843558,0.2998650359717834,-0.9440069134076976
433071,Tellers,0.9160215562829268,-0.9478189540444534,1.2087679410177183,0.5252212513527585,-0.025810381751909712,-0.9571255006523564,-0.7505461591873803,-0.42986424325206446
433099,"Financial Clerks, All Other",-1.689819653084099,-0.9478189540444534,-1.3823419039848026,-1.2925590150209179,-1.5930867879495998,-1.1957813499924927,-1.028115956871926,-0.9440069134076976
434031,Court Clerks,0.14144568755069703,-0.9478189540444534,-1.3823419039848026,-0.7214804257209557,0.586727777002209,-1.1034611547068294,-1.028115956871926,-0.9440069134076976
434031,Municipal Clerks,0.14144568755069703,-0.9478189540444534,-1.3823419039848026,-0.7214804257209557,0.586727777002209,-1.1034611547068294,-1.028115956871926,-0.9440069134076976
434051,Customer Service Representatives,2.1735935565315345,-0.94297951363482,0.9965742058243213,1.0237410813440984,1.483098278685803,-0.9168348177932402,0.11605876020240068,0.9216091384819767
434051,Patient Representatives,2.1735935565315345,-0.94297951363482,0.9965742058243213,1.0237410813440984,1.483098278685803,-0.9168348177932402,0.11605876020240068,0.9216091384819767
434061,"Eligibility Interviewers, Government Programs",1.2631766261030284,-0.8074751821650916,0.2734919900661462,0.11885231624764851,0.15897766614039405,-1.1125865865648288,0.48763284028779963,-0.9440069134076976
434071,File Clerks,-0.7148686038650022,-0.9478189540444534,-0.7111647435597757,-0.35217991794308495,0.5251317610381079,-0.7261305973978193,-1.028115956871926,-0.5902232665622936
434081,"Hotel, Motel, and Resort Desk Clerks",1.8875242284245375,-0.6816497315146294,-1.0074557076430155,0.20609782822860276,0.519908826704658,-0.06263497482799506,0.4359286622877372,-0.009432306080462973
434111,"Interviewers, Except Eligibility and Loan",-1.689819653084099,-0.9478189540444534,-0.718291857558669,0.09143398352681079,-1.5930867879495998,-1.2087592225640618,-1.028115956871926,-0.9440069134076976
434121,"Library Assistants, Clerical",0.3003076080206269,-0.9478189540444534,-0.735199952885292,-0.5776733836506233,-0.03265438352569878,0.36413591952362295,-1.028115956871926,-0.9440069134076976
434131,Loan Interviewers and Clerks,0.3701447055171545,-0.9478189540444534,-0.13471451917568883,0.9472477352544861,0.946984489973094,-1.2087592225640618,0.528451928182586,-0.9440069134076976
434141,New Accounts Clerks,0.3862607666552981,-0.9478189540444534,-1.275632172272124,1.2490520609430764,-0.19691042609663575,-1.1253961211996883,0.5094030204983522,-0.9440069134076976
434151,Order Clerks,0.8620584725264061,-0.9478189540444534,-0.4862246120567908,0.3146464619945878,0.771515824894513,-1.040277238480815,-0.11648966055503551,-0.9440069134076976
434161,"Human Resources Assistants, Except Payroll and Timekeeping",-0.06989303304681074,-0.8461907054421569,-0.33065654861019644,-0.17891364240952026,0.12475765727144891,-1.032808460053379,0.38694575681399374,-0.9440069134076976
434171,Receptionists and Information Clerks,1.7915316906441023,-0.8390133310583271,0.4352420634539848,0.04192681964757302,0.49505986216484166,-0.9162145359847906,-1.028115956871926,0.6460231012575182
434181,Reservation and Transportation Ticket Agents and Travel Clerks,0.552777841372044,-0.9478189540444534,-1.3823419039848026,0.7736839484168663,-1.5930867879495998,-0.7055157529984778,-1.028115956871926,-0.9440069134076976
434199,"Information and Record Clerks, All Other",-1.1955193579138563,-0.9478189540444534,0.5238015182995084,0.6348268535575297,-1.5930867879495998,-1.17693796310956,0.15291631955055324,-0.9440069134076976
435031,"Police, Fire, and Ambulance Dispatchers",2.1356353829064476,-0.9478189540444534,2.2887884427064966,-1.2300938582778411,1.8938297420628079,-1.092382915874364,-0.11376838802871628,-0.9440069134076976
435032,"Dispatchers, Except Police, Fire, and Ambulance",1.7225698037035624,-0.8244132235988076,-0.7280728388863988,0.12618717476723723,1.181171514636044,-1.1224545993639699,0.286258673340188,-0.3893406830427534
435061,"Production, Planning, and Expediting Clerks",-0.249104802473994,-0.7397230164302273,1.739060184268809,-0.041954071495180725,0.8877799050863929,-0.3433206519214331,0.6509091918669444,-0.02716136367203643
435071,"Shipping, Receiving, and Traffic Clerks",0.21759437936848308,-0.27500631341595416,0.8605495143421187,-0.02201081525418934,-0.09082839860290585,0.8646358475101994,-1.028115956871926,0.8429308121595597
435081,"Stock Clerks, Sales Floor",0.6337066655093764,-0.016438986992902596,0.6528847746815376,-0.4748805871420476,0.0015656253432463412,1.3467707788823748,-1.0172308667666499,1.0594862300214505
435081,"Stock Clerks- Stockroom, Warehouse, or Storage Yard",0.6337066655093764,-0.016438986992902596,0.6528847746815376,-0.4748805871420476,0.0015656253432463412,1.3467707788823748,-1.0172308667666499,1.0594862300214505
435081,"Order Fillers, Wholesale and Retail Sales",0.6337066655093764,-0.016438986992902596,0.6528847746815376,-0.4748805871420476,0.0015656253432463412,1.3467707788823748,-1.0172308667666499,1.0594862300214505
436011,Executive Secretaries and Executive Administrative Assistants,0.1803642750777623,-0.835705251221285,0.9451103666440129,0.7833098763162576,0.4053617299967994,-1.074699143550775,1.0666245805530319,0.14671141276159846
436012,Legal Secretaries,1.208153856054859,-0.7510150440527047,0.8949333534830812,0.3138420331023409,1.2009063762649443,-0.9255379892528613,0.33796285134025045,-0.9440069134076976
436013,Medical Secretaries,2.1618967100025768,-0.803895802486698,1.1644916576401527,0.41050465190926505,-0.001856375543647975,-0.8156798121149846,-1.028115956871926,0.6474610339243217
436014,"Secretaries and Administrative Assistants, Except Legal, Medical, and Executive",1.3445452512705933,-0.8015546050538053,1.0066062813104657,0.3695626579842448,0.5069653560364388,-0.7020372060968297,0.1075246884969424,0.4624319394943767
439021,Data Entry Keyers,-0.351515522865776,-0.9478189540444534,0.6525021939604303,-0.12880767404102517,0.5182877592643184,-0.8872395944497122,-1.028115956871926,-0.9440069134076976
439041,Insurance Claims Clerks,1.3813339606092954,-0.9478189540444534,-0.2129705922442178,0.6597741672415514,-0.36972147088480894,-0.94647894269518,0.27809485576123066,-0.18672288199619846
439041,Insurance Policy Processing Clerks,1.3813339606092954,-0.9478189540444534,-0.2129705922442178,0.6597741672415514,-0.36972147088480894,-0.94647894269518,0.27809485576123066,-0.18672288199619846
439051,"Mail Clerks and Mail Machine Operators, Except Postal Service",-1.3166712754357601,-0.9478189540444534,-0.9404608360534188,-1.2304172878746649,0.2274176838782845,-0.4428731382179341,-1.028115956871926,-0.9440069134076976
439061,"Office Clerks, General",1.2792024515549576,-0.8442876437705515,0.36762230570749793,0.32699930860543663,0.501177754829846,-0.7905311081927766,0.0440654184977902,0.2362431066514025
439199,"Office and Administrative Support Workers, All Other",-1.689819653084099,-0.701007493153162,0.7971474679007828,-1.2092022867036658,-1.5930867879495998,-1.2087592225640618,-1.028115956871926,-0.9440069134076976
450000,"Farming, Fishing, and Forestry Occupations",-0.6748987962024949,0.5233201074817899,-0.7209457248875054,-0.7441001288435952,0.5525077681332637,1.128596467300514,-1.028115956871926,-0.9440069134076976
470000,Construction and Extraction Occupations,0.2151500063473259,3.846085433169631,0.9642254283187703,-0.09391467548076654,0.7559290732612922,2.211828932066723,0.08849400760864166,2.3399680103476515
471011,First-Line Supervisors of Construction Trades and Extraction Workers,-0.08834694765116782,2.968373118658062,0.6755430614457999,0.6153469533594593,0.07342764396803111,1.8223327870680177,0.0440654184977902,2.1172535865228483
472031,Carpenters,-0.20504374348394014,2.628958099003248,0.7682466533797311,-0.6251137879879737,0.03578563421219146,2.5840769878758953,-1.028115956871926,2.055574894060261
472031,Construction Carpenters,-0.20504374348394014,2.628958099003248,0.7682466533797311,-0.6251137879879737,0.03578563421219146,2.5840769878758953,-1.028115956871926,2.055574894060261
472061,Construction Laborers,-0.3178183163074959,3.5642357333958303,0.3337538435488032,-0.43072713693333414,0.501177754829846,2.0535800511530007,-0.6743505284504462,2.0608629140100025
472073,Operating Engineers and Other Construction Equipment Operators,-0.6668913063124785,2.7347038684429883,1.293539200093281,-0.6446574626579741,0.501177754829846,0.7879327848684695,0.02501651081355655,1.0437712535722128
472111,Electricians,-0.37010462208075257,1.7226264769958461,0.5617852504592251,-0.1796707232426907,0.15897766614039405,2.9183466055673875,0.8784865221105145,2.1353646390047105
472141,"Painters, Construction and Maintenance",-0.6095735243661303,1.696525856372181,-0.9660634984035392,-0.535832395686983,-0.20717642875731937,1.8472220395392185,-1.028115956871926,0.882230044807663
472152,Pipe Fitters and Steamfitters,-0.710798525828309,0.9036411846859317,-0.1663670962871115,-0.6456018164082722,0.8262678390848256,1.9454095734392802,-1.028115956871926,0.1843423672753219
472152,Plumbers,-0.710798525828309,0.9036411846859317,-0.1663670962871115,-0.6456018164082722,0.8262678390848256,1.9454095734392802,-1.028115956871926,0.1843423672753219
472211,Sheet Metal Workers,-1.4028340519964402,0.9551101457754232,-0.07956161121795031,-0.7868613624411335,-1.5930867879495998,2.1013699426794075,-1.028115956871926,-0.9440069134076976
474011,Construction and Building Inspectors,-0.16531634562269457,1.5913997160521454,0.21737167851504613,0.7184608978575545,0.5593517699070528,0.4913747137993303,0.3186580835214158,0.9120822225905417
474051,Highway Maintenance Workers,-0.8196125507607716,3.175920663289477,0.5612448728535873,-0.8037981634610438,-0.15242441456700703,1.0158959474953877,-0.3287489176079234,0.08471152653416182
490000,"Installation, Maintenance, and Repair Occupations",-0.16029561531593975,2.2041480885265785,2.0356087998755092,0.18773316637714735,0.835399948905204,2.0652122287209562,0.8865208460486605,1.6782003920371764
491011,"First-Line Supervisors of Mechanics, Installers, and Repairers",0.9401775993533351,1.2111441602429551,0.20633592479560026,0.8400695347473669,0.9101460815991467,1.0969416705048611,0.5899983078758485,1.4176322894476612
492022,"Telecommunications Equipment Installers and Repairers, Except Line Installers",-0.3236924660615428,0.38491481925527793,-1.1861650930795464,0.5023188981783531,0.43615973797885044,1.8462937488441276,0.874053539025109,0.11592118748922409
492094,"Electrical and Electronics Repairers, Commercial and Industrial Equipment",-0.28477139600480855,1.0121944006797756,-0.2130699235013248,-0.7480672978590707,0.1213356563845546,1.289212623158308,-1.028115956871926,-0.9440069134076976
493011,Aircraft Mechanics and Service Technicians,-1.689819653084099,-0.9478189540444534,-1.3823419039848026,0.17808525315756285,-1.5930867879495998,-1.2087592225640618,-1.028115956871926,-0.9440069134076976
493021,Automotive Body and Related Repairers,-0.6025860796107154,0.8535572342409036,-1.3823419039848026,-0.7961930532478365,0.6551677947400993,1.067759821209626,-1.028115956871926,-0.9440069134076976
493023,Automotive Service Technicians and Mechanics,0.2744078898539176,1.9447820484547393,0.9599875433978615,-0.6457976343379823,1.1136255059320053,1.5875170956510172,0.4994250212351824,-0.08794670398600303
493023,Automotive Master Mechanics,0.2744078898539176,1.9447820484547393,0.9599875433978615,-0.6457976343379823,1.1136255059320053,1.5875170956510172,0.4994250212351824,-0.08794670398600303
493023,Automotive Specialty Technicians,0.2744078898539176,1.9447820484547393,0.9599875433978615,-0.6457976343379823,1.1136255059320053,1.5875170956510172,0.4994250212351824,-0.08794670398600303
493031,Bus and Truck Mechanics and Diesel Engine Specialists,-0.20459452136618134,2.0477190305738744,1.0729296237957626,-0.2583862356472041,0.3095457051637531,2.330484777817288,0.6400241017616679,0.8371179375452563
493042,"Mobile Heavy Equipment Mechanics, Except Engines",-0.26848726649118276,1.5748073350001164,0.03077637606509213,0.51906098023306,0.36087571846717087,2.2690358962089903,0.38150321176135565,-0.25619400082113347
499021,Heating and Air Conditioning Mechanics and Installers,-0.31432145575809944,2.6801785411144783,1.096268575590657,0.0070433819864592654,0.7099198089304118,2.7597283697576382,0.7080559149196447,0.14112899056831277
499041,Industrial Machinery Mechanics,-0.8373726269034772,2.507490521482238,0.9294643348054441,0.13115238756853928,1.014083019511355,1.9737632841605497,0.5202881106036287,0.5249721441798257
499043,"Maintenance Workers, Machinery",-0.7224778133463599,1.8383167488680208,0.46278294511698864,-0.36074360530546445,0.09825723543957063,1.5976878546017352,0.6400241017616679,1.0509919904639609
499051,Electrical Power-Line Installers and Repairers,-1.689819653084099,0.4390378994360436,-1.3823419039848026,-0.7555304617248662,-1.5930867879495998,0.12327752940786474,-1.028115956871926,-0.9440069134076976
499052,Telecommunications Line Installers and Repairers,-1.1314859763546987,0.42623443342748274,-1.3823419039848026,-1.2025797116270538,0.16924366880107808,0.9842599282022148,-1.028115956871926,0.02469294777442663
499071,"Maintenance and Repair Workers, General",0.08572533927445909,2.2657875950798236,1.6372497618533346,0.08904488133407926,-0.27561644649520983,2.304108101296564,0.6714988296612842,1.0274458408204714
499098,"Helpers--Installation, Maintenance, and Repair Workers",-0.8016496254648258,0.7974647964625108,-1.3823419039848026,-0.6143796698663744,0.9563038727868174,2.0573912035190554,-1.028115956871926,-0.9440069134076976
499099,"Installation, Maintenance, and Repair Workers, All Other",-0.912222918823297,1.655721711377369,-0.4126559019006767,-0.613229134542258,0.44642574063953383,1.8104909569062624,-1.028115956871926,0.15913456419623326
510000,Production Occupations,-0.10937609728022792,1.0591553063142332,0.7784234069985941,-0.5732170775150978,0.8203962879156997,0.9342342913075851,-0.39636898983123,0.6100621920517109
511011,First-Line Supervisors of Production and Operating Workers,0.665573433252451,0.9660497303588435,0.16463836020550437,-0.07542177313339662,0.13844566081902704,0.7188552519423977,0.12298232176104344,0.8475503298954072
512022,Electrical and Electronic Equipment Assemblers,-0.597075954243465,-0.5722520572151598,-0.7594321404815293,-0.7276956240855221,0.5456637663594751,-0.14209892546391217,-1.028115956871926,-0.7657438355398584
512092,Team Assemblers,-0.28659597780684376,-0.2410686406717184,-1.004037563781228,-0.4730329939168951,1.0246082790467688,0.35953769300185745,-1.028115956871926,-0.09931417520316718
512099,"Assemblers and Fabricators, All Other",-0.9299813366375841,-0.6047889624407392,-0.9777188071183844,-0.9248277640529673,-1.5930867879495998,0.3672208927863783,-1.028115956871926,-0.9440069134076976
513011,Bakers,0.007340857036907683,0.17769193550085513,-1.0316878952392528,-0.6421896147305953,0.9627723792762141,0.7776046228084817,-1.028115956871926,-0.5944912066023903
513021,Butchers and Meat Cutters,0.8370312055729797,0.3772176691949944,-0.8421066628686913,-0.5354425061464693,1.086444178817323,1.164766783763595,-1.028115956871926,0.2514381127669766
513022,"Meat, Poultry, and Fish Cutters and Trimmers",-1.689819653084099,1.8069901594930473,-0.8997847211266653,-1.2569192268475695,1.2430074144065986,-0.002311138220841439,-1.028115956871926,0.7187288419863671
513023,Slaughterers and Meat Packers,-1.689819653084099,0.3819143721782199,0.31992728142784466,-1.2925590150209179,-1.5930867879495998,-0.4364465324824648,-1.028115956871926,-0.9440069134076976
513092,Food Batchmakers,-0.6115781862558741,0.44728251646000533,-0.9376099904538615,-0.6940332480841552,-1.5930867879495998,1.373689017603036,-1.028115956871926,-0.9440069134076976
514011,"Computer-Controlled Machine Tool Operators, Metal and Plastic",-0.49462440004870634,0.13434202347741553,0.7515673870780096,-0.6725793219862303,0.7475618186862515,0.6314742135478812,-1.028115956871926,-0.4201877153652777
514031,"Cutting, Punching, and Press Machine Setters, Operators, and Tenders, Metal & Plastic",-0.11225127293439362,0.023572321585877895,-0.7824358835487085,-0.6787012763562401,0.9509314622988739,0.9006028928296472,-1.028115956871926,-0.04235769875052812
514033,"Grinding/Lapping/Polish/Buff Machine Tool Setters, Operators, & Tenders- Metal/Plastic",-0.8871272501558084,-0.2998734143485489,-1.3823419039848026,-0.7859557833577325,-1.5930867879495998,0.06418297672096275,-1.028115956871926,-0.9440069134076976
514041,Machinists,-0.6442517103494159,0.039578309075018754,0.008901530749847161,-0.8008416349484402,-0.08056239594222205,0.23729161640316668,-0.029408939712824964,-0.9440069134076976
514072,"Molding/Coremaking/Casting Machine Setters, Operators, and Tenders, Metal and Plastic",-0.9663677188972566,-0.21499775240372063,-1.0003285936441224,-0.7043846670250098,1.0232926216048417,0.4868264173536854,-1.028115956871926,-0.9440069134076976
514081,"Multiple Machine Tool Setters, Operators, and Tenders, Metal and Plastic",-0.6070119393209978,0.2192256056033638,-0.16510004689453112,-0.752404003534799,0.13502365993213272,0.5287553756687555,-1.028115956871926,0.274232615384714
514111,Tool and Die Makers,-1.4750403650906105,-0.9478189540444534,-1.3823419039848026,-1.2144595243185952,-1.5930867879495998,0.12308612833210601,-1.028115956871926,-0.9440069134076976
514121,"Welders, Cutters, and Welder Fitters",-0.3730959462087963,1.4331644910777972,1.4808680881035474,-0.6834718292407768,0.13502365993213272,1.9558407815005037,0.18285031734006302,1.0795993676960012
515112,Printing Press Operators,-0.1409378606783568,-0.2365698908700299,0.1125713718791675,-0.7341974642807447,1.0561840576530088,0.8859242650117815,-1.028115956871926,-0.9440069134076976
516011,Laundry and Dry-Cleaning Workers,-1.0463142220062882,0.9502110236009379,-1.239035347473986,-1.2308618026356561,0.28216969806859704,-0.434690060218772,-1.028115956871926,-0.32602262021570505
516031,Sewing Machine Operators,-1.406513354574487,-0.9478189540444534,-0.6969902081533115,-0.7138749588787854,-1.5930867879495998,-0.9446337069688748,-1.028115956871926,-0.9440069134076976
518031,Water and Wastewater Treatment Plant and System Operators,-1.2333124033038927,2.3586106432329954,1.2660954244917013,-0.7528352925522855,0.43958173886574475,1.6634477971938244,0.6073688314458392,1.206795756201378
519023,"Mixing and Blending Machine Setters, Operators, and Tenders",-0.6513393036246,0.42750021283113643,-0.7760449341313471,-0.7006331522640084,-1.5930867879495998,1.158446397421687,-1.028115956871926,-0.9440069134076976
519061,"Inspectors, Testers, Sorters, Samplers, and Weighers",-0.7755170782558859,-0.12620085918455404,0.5813359783422467,-0.43153369487803866,0.3916737264492217,-0.1704537204006054,0.10665468660312882,-0.022862851658396095
519111,Packaging and Filling Machine Operators and Tenders,-0.5123930848368292,0.16193077241102208,-0.8256627355381752,-0.7347050324860867,1.0574997150949357,0.5925457120028772,-1.028115956871926,0.6209404519150472
519121,"Coating, Painting, and Spraying Machine Setters, Operators, and Tenders",-1.1633142795345948,0.18212832807029888,-0.4233090305958091,-0.81451321957216,-1.5930867879495998,-0.40007059766345526,-1.028115956871926,-0.9440069134076976
519198,Helpers--Production Workers,-0.07030053470623955,0.3439358326100661,-1.0847052096931062,-0.6312106420839178,0.09738165017629286,1.1689879929184928,-1.028115956871926,0.42634039116212324
519199,"Production Workers, All Other",-0.7449261083811668,-0.12992252382715683,-1.043091277637482,-0.6428599976235992,0.9597258736737118,0.53739617587179,-1.028115956871926,-0.14873204429996947
530000,Transportation and Material Moving Occupations,-0.07911711175271749,0.9350726403793733,0.9601156660456572,-0.3188542216926842,0.8506564090800134,1.256622987011334,-0.5622786071040516,1.7175747123901508
531021,"First-Line Supervisors of Helpers, Laborers, and Material Movers, Hand",0.5654498525472933,0.009250374279152615,-0.20417004409379333,0.06437891871763174,0.131601659045238,1.4737809239055601,0.27537358323491185,-0.9440069134076976
531031,First-Line Supervisors of Transportation & Material-Moving Machine & Vehicle Operators,0.2594610793492516,-0.07839678131429972,-0.527297022365983,-0.020431491905931534,0.059739640420453204,0.31327513276110186,0.9242100476294784,-0.08794670398600303
532031,Flight Attendants,-1.689819653084099,0.03059422663409106,-0.9718201376485492,0.671664080938423,-1.5930867879495998,0.3171345516938188,-1.028115956871926,-0.9440069134076976
533021,"Bus Drivers, Transit and Intercity",0.4826021695797548,-0.22674233300911187,-1.3823419039848026,-0.47498877761106495,-1.5930867879495998,-0.35395392243132784,-1.028115956871926,-0.9440069134076976
533022,"Bus Drivers, School or Special Client",0.24365925442002784,0.21027069552151026,0.9329941235842606,-0.23292032410309055,0.627791787644943,0.7723239218020906,-1.028115956871926,0.10857703683333977
533031,Driver/Sales Workers,0.8872407018766318,0.8843593336863922,-1.2483521608056087,0.05786454569251186,1.303527656735226,0.6868768535385259,-1.028115956871926,0.9984587643730851
533032,Heavy and Tractor-Trailer Truck Drivers,-0.5455021252694281,1.0605994050423089,1.9776621125841527,-0.1364339298920504,0.43615973797885044,1.5406306495532274,-1.028115956871926,2.0364273984200816
533033,Light Truck or Delivery Services Drivers,0.13668703633784968,0.33647464877549893,0.6068741296475427,0.06102352999233985,0.07342764396803111,1.8000882235666462,-0.5192379944502589,1.3573389656197488
533041,Taxi Drivers and Chauffeurs,-0.9309018446375513,-0.22674233300911187,-1.3823419039848026,-0.5803179382832536,1.0247438905247077,-0.8487020692687381,-1.028115956871926,-0.9440069134076976
536021,Parking Lot Attendants,-0.9818518115944466,-0.26384470948296607,-1.239035347473986,-0.36591164518458796,0.3161895185653462,-0.9906966738987504,-1.028115956871926,-0.9440069134076976
537032,Excavating and Loading Machine and Dragline Operators,-0.5259602343522107,2.2397728610046217,-1.3823419039848026,-0.5765244782941988,0.5525077681332637,0.5253136908897996,-1.028115956871926,-0.11575052652335358
537051,Industrial Truck and Tractor Operators,-0.5785866490680267,0.42293736324540077,1.0627783460317624,-0.3532440377433286,1.0153986769532815,0.6301677568509036,-1.028115956871926,1.420647189479749
537061,Cleaners of Vehicles and Equipment,-0.058215664014377895,1.618419357440657,-1.3823419039848026,-0.699081491968984,1.0719719469561293,0.5572253213389712,-1.028115956871926,-0.04742314377669196
537062,"Laborers and Freight, Stock, and Material Movers, Hand",-0.29877518413415305,0.4650617078356296,0.2015876396380427,-0.5866064147289481,-0.06345239150774959,1.777495000437184,-1.028115956871926,1.0382060900043764
537063,Machine Feeders and Offbearers,-0.9136591797798755,-0.6590893196856044,-1.3823419039848026,-0.5932349262802891,0.19319767500933915,0.8356607666045989,-1.028115956871926,-0.9440069134076976
537064,"Packers and Packagers, Hand",-0.4054929038683255,-0.18572053508137085,-0.18762287996657712,-0.6152825544536775,1.178540199752191,0.48738250083827567,-1.028115956871926,1.6147665335312011
537081,Refuse and Recyclable Material Collectors,-0.7010646911643547,0.9748932515576799,-0.8785792290676016,-0.42882572835609495,0.42931573620506136,0.9403798656165846,-1.028115956871926,-0.19530198636277285
537199,"Material Moving Workers, All Other",-1.689819653084099,-0.9478189540444534,-1.3823419039848026,-1.2925590150209179,-1.5930867879495998,-1.2087592225640618,-1.028115956871926,-0.9440069134076976
