soc_code,occupation_name,communication,danger,experience,interaction_complexity,pace_of_work,physicality,uncertain_decisions,variety,category_name,num_employed,mean_annual_wage,med_annual_wage
111011,Chief Executives,0.5500118599323419,-0.5097455561366862,0.5019384699265218,1.1642922806021971,-0.11477470159509805,-0.7241196926410899,2.411378603974742,0.5982194350299856,Management Occupations,2891.012658227848,200269.84536082475,169287.1923076923
111021,General and Operations Managers,0.7710765768073072,-0.30991190388734163,0.5194132953026113,1.883329239326669,0.004275110185210343,-0.4005660144147434,1.8886478342592856,1.7445507183594335,Management Occupations,25788.15144766147,120918.1737193764,101717.99554565702
112021,Marketing Managers,-0.02949963075126872,-0.5587457465963367,0.4274169369215988,2.5509986791914083,-0.0807020430280271,-0.8833676339368757,2.1089154896379254,1.3454366617220848,Management Occupations,3166.101694915254,129396.92528735632,117437.95977011495
112022,Sales Managers,1.4406917444726146,-0.43455560870722215,0.48453735952194293,3.3546526920656223,0.2134496411716416,-0.5544093667140357,1.848538952253053,2.0523444664034587,Management Occupations,5057.1621621621625,127374.36464088398,112496.80555555556
112031,Public Relations and Fundraising Managers,0.6260048635530373,-0.5181938648366259,-0.4546637737690525,-0.6893620273423597,0.06310544702514446,-0.35826997292908924,-0.9643878790258152,-0.8958830757728002,Management Occupations,1832.0,125821.11650485436,112109.46341463414
113011,Administrative Services Managers,1.2923948055161332,-0.5165042030966379,0.4887685019367832,0.4815177096710919,0.33437866689817203,-0.5337122437291572,1.7759609752893943,0.530155398013166,Management Occupations,3689.0975609756097,100157.50629722922,91081.15869017632
113021,Computer and Information Systems Managers,0.5425300712103239,-0.7243325971151559,0.3203866049719005,2.0566362798846303,0.08925226339844823,-0.8846643943367378,1.9941881014412024,0.4801233934034909,Management Occupations,5435.983146067416,133400.22535211267,125592.19718309859
113031,Financial Managers,0.7790694551049724,-0.6806830021654673,0.34246778817347684,1.8030068248769482,0.15788765637837068,-0.9234273555337932,1.811667256582779,-0.4027733129151293,Management Occupations,7149.784172661871,132570.02457002457,118120.61425061425
113061,Purchasing Managers,-1.6323694025357631,-0.93554031461365,-0.36803783706837867,-1.3715103557664914,0.4487709885313764,-1.105676872486741,1.8620777756389144,-0.8958830757728002,Management Occupations,1235.7190635451504,114183.72881355933,107159.55932203389
113121,Human Resources Managers,0.792591242843522,-0.6533668040356619,0.34067851741737265,1.8229492371767548,0.1611560084250339,-0.9855053060677786,1.4448872731053757,0.026947586904486613,Management Occupations,2009.1553133514985,115793.76731301939,105641.13573407203
113131,Training and Development Managers,0.07676752443209578,-0.93554031461365,-1.3241635400187357,-1.3716753887852102,-1.5057035353730883,-1.1450309231213711,1.6360995867665808,-0.8958830757728002,Management Occupations,783.109243697479,112476.62337662338,103709.04761904762
119021,Construction Managers,-0.2905941626942121,0.9050704678729132,0.3958938326794153,0.908276062476712,-0.2669981096878172,0.6953337647650805,1.817024830676728,1.2130847190268912,Management Occupations,7946.114285714286,103930.90395480226,96012.14689265536
119032,"Education Administrators, Elementary and Secondary School",-0.08971015467809207,-0.28296264888564804,-0.36803783706837867,1.9508333924707373,0.2134496411716416,-0.1909365131319618,1.9802817513567503,1.3905817923093862,Management Occupations,41576.17021276596,89231.76470588235,85464.90196078431
119033,"Education Administrators, Postsecondary",-0.1793187092263748,-0.6018321209660294,-0.8798935864605033,2.2489630556677183,0.5827734224445588,-0.7106643961675383,1.7403972123999658,0.7543239497674545,Management Occupations,17548.360655737706,105889.83606557376,93295.40983606558
119041,Architectural and Engineering Managers,-0.009360295238887073,-0.4531418878470896,1.9802717439258195,0.4784534838717962,-1.5057035353730883,-0.7147585927790326,2.174970652539069,-0.8958830757728002,Management Occupations,4240.79295154185,140595.30701754385,132710.35087719298
119051,Food Service Managers,0.650445397359764,0.9886489222764321,0.8931808607297345,0.10427011769738914,1.626284493789076,-0.18425759657813065,1.7836007623382004,0.15414125595384853,Management Occupations,8661.89393939394,64829.318181818184,59983.86363636364
119111,Medical and Health Services Managers,0.2355289930428383,-0.4600125344606317,0.3330914315325577,1.828808825454241,-0.1362640278212978,-0.5096618701190027,1.4866063233587297,0.5749339738979277,Management Occupations,14736.197183098591,115838.20143884892,100830.80291970803
119141,"Property, Real Estate, and Community Association Managers",0.2439731603391945,-0.26136528035845713,0.0009526423750718767,1.155370017012322,-0.0186033541414302,-0.25547473135481685,0.28633273442016144,0.5411347596572268,Management Occupations,5458.413793103448,89918.28571428571,79986.21428571429
119151,Social and Community Service Managers,-0.4118254211981704,-0.3872450799875596,-0.3565291125062468,1.6491313123947813,-0.6428585950540604,-0.2922665493657671,1.6812952245410475,1.7532938128281887,Management Occupations,6713.675213675214,75748.87931034483,70141.29310344828
131031,"Claims Adjusters, Examiners, and Investigators",0.9366120230092908,-0.5156593722266439,2.4475054304247053,0.6864075973589434,-1.5057035353730883,-0.9495248689245448,-0.9643878790258152,1.7579847880071784,Business and Financial Operations Occupations,17795.05376344086,64719.48453608248,61370.82474226804
131051,Cost Estimators,0.008801396889315067,-0.443848748277156,-0.6725676081333284,-0.1509263148397335,-0.39119548746101057,-0.262027293569262,1.326683297387539,-0.8958830757728002,Business and Financial Operations Occupations,5084.144144144144,68028.87387387388,64270.76576576577
131071,Human Resources Specialists,1.1483011120557265,-0.7412292145150354,1.339486072724264,1.85152250149508,0.5174063815112988,-1.0093123975258718,0.04930100525902867,0.1967449137955512,Business and Financial Operations Occupations,7221.575178997613,63974.34988179669,60008.48699763593
131081,Logisticians,-1.6323694025357631,-0.93554031461365,-1.3241635400187357,0.24870706738509896,-1.5057035353730883,-1.1766408036044775,-0.9643878790258152,-0.8958830757728002,Business and Financial Operations Occupations,3117.1535580524346,74065.2329749104,69765.87813620071
131111,Management Analysts,-1.6323694025357631,-0.6305563705458246,1.3902532364970952,0.9037456764772304,-1.5057035353730883,-1.1766408036044775,1.9230268759789144,-0.8958830757728002,Business and Financial Operations Occupations,10701.842900302116,86014.03614457832,78894.39759036145
131121,"Meeting, Convention, and Event Planners",-1.167347564690019,-0.3526070143178066,-0.5058768858840925,-0.9100589912758592,0.28535338619822725,-0.8172013521331022,0.21824915263983607,-0.2268204086394912,Business and Financial Operations Occupations,2363.8695652173915,53289.15254237288,49941.27118644068
131131,Fundraisers,-1.1216077117871592,-0.5731078713862343,-0.7846928821265964,-1.3715103557664914,0.9945857803240948,-0.8651680406253296,-0.9643878790258152,-0.8958830757728002,Business and Financial Operations Occupations,2986.7391304347825,59387.28571428572,55928.142857142855
131141,"Compensation, Benefits, and Job Analysis Specialists",-0.4382651028509271,-0.93554031461365,-0.7677683124672352,-0.10264248569427754,0.7102391522644151,-1.1519898949900655,0.25355175060000473,-0.8958830757728002,Business and Financial Operations Occupations,1668.097014925373,66966.54135338347,63229.21052631579
131151,Training and Development Specialists,-0.0873264606024971,-0.7784017727947704,-0.13439413572713074,-0.36685088359287293,-0.3781220792743586,-1.1091662251122043,0.20311946779976375,-0.010939888982557518,Business and Financial Operations Occupations,3994.779220779221,62194.35356200528,58468.99736147757
131161,Market Research Analysts and Marketing Specialists,-0.4335014487504176,-0.6922290240553849,1.1759752925156857,0.8139600098690098,0.4879912130913323,-0.9216130267928666,0.86082056955842,0.7692159728592428,Business and Financial Operations Occupations,7631.15,65409.80198019802,59943.46534653466
132011,Accountants and Auditors,0.2801850809441375,-0.5954958894410746,1.6162171144975936,1.2071847523490506,0.3262077867815145,-0.9363605212426696,1.4731449015528328,1.677854253192752,Business and Financial Operations Occupations,14747.136363636364,73208.27272727272,67399.04545454546
132031,Budget Analysts,-0.21269233846137656,-0.93554031461365,-0.38403153820270897,-1.155340864273399,0.6742872797511222,-1.1638031924768155,-0.9643878790258152,-0.8958830757728002,Business and Financial Operations Occupations,1789.6045197740114,78451.85393258427,75287.69662921349
132051,Financial Analysts,-1.6323694025357631,-0.8493675658742643,1.210639098036064,-0.8887629038569576,-1.5057035353730883,-1.155356876160606,1.1424241587685595,-0.8958830757728002,Business and Financial Operations Occupations,5063.6140350877195,85512.06185567011,79279.93127147766
132052,Personal Financial Advisors,-1.6323694025357631,-0.93554031461365,-0.36803783706837867,0.6440099745725081,-1.5057035353730883,-1.1766408036044775,1.010313832966272,-0.8958830757728002,Business and Financial Operations Occupations,12119.444444444445,85054.38356164383,67643.28767123287
132053,Insurance Underwriters,-1.6323694025357631,-0.93554031461365,0.4119482975358476,-0.9099343945488284,-1.5057035353730883,-1.1766408036044775,1.1424241587685595,-0.8958830757728002,Business and Financial Operations Occupations,12420.47619047619,73773.57142857143,68641.19047619047
132072,Loan Officers,-0.7207066904175914,-0.6406943409857524,-0.4630802548864942,-1.06966902161753,-1.5057035353730883,-1.1766408036044775,0.3392866313604145,-0.8958830757728002,Business and Financial Operations Occupations,22180.27397260274,72705.97402597402,62039.87012987013
132082,Tax Preparers,0.11590690445252505,-0.93554031461365,-0.6147601574853792,0.17152174911466225,-1.5057035353730883,-1.1766408036044775,-0.9643878790258152,-0.8958830757728002,Business and Financial Operations Occupations,12670.0,43044.705882352944,37947.35294117647
132099,"Financial Specialists, All Other",-1.6323694025357631,-0.93554031461365,-1.3241635400187357,-1.3715103557664914,-1.5057035353730883,-1.1766408036044775,-0.9643878790258152,-0.8958830757728002,Business and Financial Operations Occupations,3144.1743119266057,73622.32142857143,67992.23214285714
151121,Computer Systems Analysts,-1.6323694025357631,-0.93554031461365,-0.2811336981437333,-1.3715103557664914,-1.5057035353730883,-1.1452126413971448,1.8437640853475492,-0.8958830757728002,Computer and Mathematical Occupations,9970.967741935483,86174.03125,83279.9375
151131,Computer Programmers,-0.5327255599950822,-0.93554031461365,-0.13075534465348493,0.4165154271913298,-0.508856161140878,-1.1450309231213711,0.6070296805171838,-0.8958830757728002,Computer and Mathematical Occupations,4767.5,82703.86029411765,79558.86029411765
151132,"Software Developers, Applications",-1.6323694025357631,-0.9017470798138908,1.704201475326471,-0.8412141354614859,-1.5057035353730883,-1.1406686569880065,1.5178956110487445,-0.8958830757728002,Computer and Mathematical Occupations,15423.886925795054,97144.57746478873,95282.88732394367
151133,"Software Developers, Systems Software",-0.7836858279035384,-0.8164191619444994,0.016996122682089183,0.3068701196301779,-1.5057035353730883,-0.9971422862931406,1.5630912488232116,-0.005384856965123886,Computer and Mathematical Occupations,9379.860465116279,102740.76923076923,100293.71040723982
151134,Web Developers,-0.5909688764085589,-0.93554031461365,-0.7508437428078739,-0.5816015383486948,0.4095507639714207,-1.1354495298103071,1.0381265331351743,-0.8958830757728002,Computer and Mathematical Occupations,2565.603112840467,68775.39622641509,63973.698113207545
151141,Database Administrators,-0.651310586085827,-0.93554031461365,-0.7923367812347983,0.1390611881558773,-1.5057035353730883,-1.1519898949900655,-0.9643878790258152,-0.8958830757728002,Computer and Mathematical Occupations,2306.315789473684,83681.64179104478,80969.21641791044
151142,Network and Computer Systems Administrators,-0.3756381059834735,-0.8155743310745053,1.4252501648896847,1.1174605601300809,0.2918900902915533,-0.2366899916918504,0.881680094685097,0.8553964927125278,Computer and Mathematical Occupations,5148.320610687023,80512.48062015504,76991.98966408269
151143,Computer Network Architects,-1.080912768951538,-0.93554031461365,0.2306688146315245,-1.2031230233284396,-1.5057035353730883,-1.1450309231213711,-0.9643878790258152,-0.8958830757728002,Computer and Mathematical Occupations,3924.6376811594205,101745.64593301436,99372.05741626794
151151,Computer User Support Specialists,0.5099072035871429,-0.7927638975846679,1.5446499204961956,0.8523474443609285,0.42589252420473545,-0.6202214573818365,-0.023825804801320717,0.6555382300686398,Computer and Mathematical Occupations,8443.929471032745,52238.98765432099,49412.148148148146
151152,Computer Network Support Specialists,-1.6323694025357631,-0.93554031461365,-0.7923367812347983,0.11250916110933976,-1.5057035353730883,-1.0018408888526833,0.2560733647400168,-0.8958830757728002,Computer and Mathematical Occupations,3330.958904109589,64562.01986754967,60264.56953642384
151199,"Computer Occupations, All Other",-0.16679749388287396,-0.6364701866357825,0.4908840731442036,-0.8687126621776781,0.03369027860517751,-0.9633263314865904,1.8551246005966888,0.002591352405672505,Computer and Mathematical Occupations,5927.172413793103,79238.59016393442,75319.83606557376
172011,Aerospace Engineers,-1.6323694025357631,-0.93554031461365,-1.3241635400187357,0.2061602660190867,-1.5057035353730883,-1.1766408036044775,-0.9643878790258152,-0.8958830757728002,Architecture and Engineering Occupations,6438.727272727273,108839.49152542373,104967.62711864407
172051,Civil Engineers,-0.4079173466898287,0.22970975836630395,0.8934470846912533,-0.4338772014192245,0.1611560084250339,0.20833790988797735,1.3197301223453133,0.4145790028129289,Architecture and Engineering Occupations,11475.298013245034,91381.55844155845,86326.16883116883
172071,Electrical Engineers,-0.007575256183132517,-0.5756423639962162,0.36183422949157423,-0.21644078147053653,-0.1362640278212978,-0.6213977340177512,1.2571515469652823,-0.8958830757728002,Architecture and Engineering Occupations,5598.181818181818,95645.21276595745,92320.10638297872
172072,"Electronics Engineers, Except Computer",-1.6323694025357631,-0.93554031461365,-0.36803783706837867,-0.9601663957588716,-1.5057035353730883,-1.1766408036044775,-0.9643878790258152,-0.8958830757728002,Architecture and Engineering Occupations,4743.219178082192,97148.91156462584,93751.42857142857
172112,Industrial Engineers,-0.7710009916296946,-0.93554031461365,0.04578061031847254,-1.1700279153458115,-1.5057035353730883,-0.6946800395874008,-0.9643878790258152,-0.8958830757728002,Architecture and Engineering Occupations,5718.734177215189,88737.48953974896,85160.12552301255
172141,Mechanical Engineers,-0.12801766559545374,-0.6280218779358427,0.4998028152528796,1.3542835422950223,0.4356975803447244,-0.7721410423892174,1.7682099125688686,-0.3113334478012637,Architecture and Engineering Occupations,6885.570175438596,88358.4649122807,83042.98245614035
191042,"Medical Scientists, Except Epidemiologists",-1.6323694025357631,-0.93554031461365,-1.3241635400187357,-1.3715103557664914,-1.5057035353730883,-1.1766408036044775,-0.9643878790258152,-0.8958830757728002,"Life, Physical, and Social Science Occupations",10849.846153846154,96824.15384615384,86569.07692307692
192031,Chemists,-1.6323694025357631,-0.93554031461365,-0.7406341235635938,-1.212741271867409,0.9422921475774868,-1.1766408036044775,-0.9643878790258152,-0.8958830757728002,"Life, Physical, and Social Science Occupations",3599.3023255813955,79022.109375,73514.21875
194021,Biological Technicians,-1.2569294873111885,0.2004630516210948,-1.3241635400187357,-0.33965085356454544,-1.5057035353730883,-0.5522158785758995,-0.9643878790258152,-0.8958830757728002,"Life, Physical, and Social Science Occupations",5665.238095238095,45412.65060240964,42441.32530120482
194031,Chemical Technicians,-1.6323694025357631,-0.93554031461365,-1.3241635400187357,-0.8356956719861209,-1.5057035353730883,-1.1766408036044775,-0.9643878790258152,-0.8958830757728002,"Life, Physical, and Social Science Occupations",3070.0,50525.49180327869,48246.475409836065
194099,"Life, Physical, and Social Science Technicians, All Other",-1.6323694025357631,-0.463000494542847,-1.3241635400187357,-1.1940124791286435,0.19710788093832665,-0.6051264333346255,0.18294655467966725,-0.8958830757728002,"Life, Physical, and Social Science Occupations",2429.0697674418607,52171.4364640884,49483.2044198895
211012,"Educational, Guidance, School, and Vocational Counselors",-0.1015363198509594,-0.6635047744755898,0.7780141553047185,1.2482883075860125,0.318036906664857,-0.7764831147114236,0.2560733647400168,0.7958688181662182,Community and Social Service Occupations,19842.27722772277,52705.58823529412,48960.98039215686
211015,Rehabilitation Counselors,-1.4265400644728927,-0.44807290262712585,-0.3734702878153916,-0.4876225183375496,0.21018128912497885,-0.7391689111171552,0.4376295828208844,-0.20843005343592969,Community and Social Service Occupations,6797.882352941177,43547.27272727273,40993.40909090909
211021,"Child, Family, and School Social Workers",-0.3691036397120577,-0.3796416021576138,1.232560669610531,1.015336350512803,0.13942953354363802,-0.03916480255081771,1.2501983719230567,2.2552695723562333,Community and Social Service Occupations,19224.893617021276,49110.510204081635,46241.5306122449
211022,Healthcare Social Workers,-0.6564599054289676,-0.464259766376277,1.0094321781438114,0.8542944493555333,-0.04801852256139715,-0.9852504100257352,1.650859462365192,-0.008233640704911581,Community and Social Service Occupations,11736.823529411764,56025.730337078654,53808.31460674157
211023,Mental Health and Substance Abuse Social Workers,0.6178256693118067,-0.10803286669664296,0.2683564021325706,1.370903647012676,-0.5938333143541156,-0.14036804912965856,0.638318968207199,1.1069505622682223,Community and Social Service Occupations,8449.87341772152,50197.77777777778,47292.22222222222
211092,Probation Officers and Correctional Treatment Specialists,-1.6323694025357631,-0.3897795725975414,-1.004486253318008,-0.9702573129183942,-1.5057035353730883,-0.9028758934163152,1.4935594984009548,-0.8958830757728002,Community and Social Service Occupations,20901.2,44187.5,41795.625
211093,Social and Human Service Assistants,1.0924977255770372,-0.18543309535226954,0.9989492283883828,0.3183136222362608,0.2886217382448901,-0.046485485494005115,0.13251427187942633,1.5008384220716022,Community and Social Service Occupations,20292.64150943396,37011.30434782609,35156.34782608696
211099,"Community and Social Service Specialists, All Other",-0.27986806642977424,-0.4658143508969993,-1.3241635400187357,-1.2232717643944313,0.092520615445111,-1.0672746077353616,-0.9643878790258152,-0.8958830757728002,Community and Social Service Occupations,5647.0873786407765,45888.818181818184,43468.454545454544
231011,Lawyers,0.5969452028965321,-0.44046942479718,1.6829448096107282,2.729791067779,-0.3094866862944359,-0.7746364913081708,2.1993067651868587,2.2785216931044063,Legal Occupations,13416.341463414634,157257.47899159664,140600.33613445377
232011,Paralegals and Legal Assistants,0.6611378571760963,-0.6660392670855717,0.997868050072644,0.10065413829843753,-0.3389018547144029,-0.9619276730086079,0.3191137182403181,-0.5143020686247138,Legal Occupations,9012.650602409638,62670.994152046784,60504.15204678362
251011,"Business Teachers, Postsecondary",-0.6818460009939831,-0.93554031461365,-0.4740520485531434,-0.8879760878552989,-1.5057035353730883,-1.1766408036044775,-0.9643878790258152,-0.8958830757728002,"Education, Training, and Library Occupations",24594.23076923077,82556.42857142857,69279.28571428571
251022,"Mathematical Science Teachers, Postsecondary",0.5472392456672014,-0.93554031461365,-1.1295309889360814,-0.9836088748742664,0.1840344727516744,-0.5630822041279822,0.9407820825440152,-0.8958830757728002,"Education, Training, and Library Occupations",19733.0,81973.15789473684,70191.05263157895
251032,"Engineering Teachers, Postsecondary",-1.6323694025357631,-0.93554031461365,-1.3241635400187357,-1.0518897487622858,-1.5057035353730883,-1.1766408036044775,-0.9643878790258152,-0.8958830757728002,"Education, Training, and Library Occupations",13165.90909090909,98922.60869565218,90411.73913043478
251042,"Biological Science Teachers, Postsecondary",-1.6323694025357631,-0.7902294049746859,-0.5521370334270272,-1.3715103557664914,0.350720427131487,-1.1766408036044775,1.4414106855842626,-0.8958830757728002,"Education, Training, and Library Occupations",14101.111111111111,96103.70370370371,80018.88888888889
251071,"Health Specialties Teachers, Postsecondary",-1.3084237400227885,-0.529374578795286,-0.8810748316987128,0.15077324594776262,-1.5057035353730883,-0.8332381254945392,-0.9643878790258152,-0.8958830757728002,"Education, Training, and Library Occupations",34816.42857142857,120406.81818181818,103480.45454545454
251072,"Nursing Instructors and Teachers, Postsecondary",-0.17035966063818453,-0.4740367766613543,-1.3241635400187357,-1.3722952551375314,-1.5057035353730883,-1.0055063014535424,-0.9643878790258152,-0.8958830757728002,"Education, Training, and Library Occupations",11308.108108108108,80737.02702702703,77768.64864864865
251121,"Art, Drama, and Music Teachers, Postsecondary",0.22469999748770209,-0.93554031461365,-1.3241635400187357,0.1878635285325325,-1.5057035353730883,-0.8211421094677347,-0.9643878790258152,-0.8958830757728002,"Education, Training, and Library Occupations",27448.46153846154,75999.16666666667,64924.166666666664
251123,"English Language and Literature Teachers, Postsecondary",0.11400354729471344,-0.93554031461365,-0.3346778287836737,0.7622165240559882,-0.1918260126145685,-0.6564870315733883,1.058986058261851,-0.8958830757728002,"Education, Training, and Library Occupations",21317.6,73423.2,63561.6
251194,"Vocational Education Teachers, Postsecondary",0.5217750222996543,-0.7074359797152764,-0.7923367812347983,-0.6306556856659365,0.3834039475981169,-0.706187973279187,-0.9643878790258152,-0.8958830757728002,"Education, Training, and Library Occupations",12852.923076923076,59689.51219512195,55828.65853658537
251199,"Postsecondary Teachers, All Other",-1.6323694025357631,-0.93554031461365,-1.3241635400187357,-0.924402136628824,0.0402269826985035,-1.1766408036044775,0.2888543485601735,-0.8958830757728002,"Education, Training, and Library Occupations",35879.705882352944,67159.03225806452,59314.51612903226
252011,"Preschool Teachers, Except Special Education",1.1946026173868989,0.35519645389053683,1.2040385953622452,0.6980089634513696,-0.025140058234756187,1.1319447352014536,0.6721396978420049,-0.01698743962059835,"Education, Training, and Library Occupations",27419.036144578313,36450.60240963855,33703.614457831325
252012,"Kindergarten Teachers, Except Special Education",1.0037979907453976,0.15166809298068235,-0.6852610353778492,0.16070019874734282,0.3932090037381057,0.755459276981568,0.3569379303404989,-0.10980810086439524,"Education, Training, and Library Occupations",33009.09090909091,51037.93103448276,47616.206896551725
252021,"Elementary School Teachers, Except Special Education",1.1344673450911955,-0.13354748636424124,0.4490472705375565,1.1526395001216612,0.2918900902915533,0.28183886530321234,0.15268718499952286,0.5682397960064627,"Education, Training, and Library Occupations",271218.7804878049,53135.11111111111,50364.22222222222
252022,"Middle School Teachers, Except Special and Career/Technical Education",1.1311415600325028,-0.30295049927658074,0.32485776548874185,1.259607945427183,0.7135075043110781,0.020488004196847254,0.08712521735920943,-0.3421307270074657,"Education, Training, and Library Occupations",175082.85714285713,56381.333333333336,53380.666666666664
252031,"Secondary School Teachers, Except Special and Career/Technical Education",1.1128326425689672,-0.3959262046288357,0.2621425853947965,1.0945149382740569,0.4814545089980064,0.07782410311135132,1.5954710062613469,0.7584500293256873,"Education, Training, and Library Occupations",179666.0,57508.444444444445,54370.22222222222
252032,"Career/Technical Education Teachers, Secondary School",-0.207926412114515,-0.08820680805955274,-1.3241635400187357,-1.369732516649847,0.4030140598780945,-0.5120654232722011,0.41241344142076397,-0.8958830757728002,"Education, Training, and Library Occupations",21582.41379310345,58717.0,57561.666666666664
252052,"Special Education Teachers, Kindergarten and Elementary School",-0.4238931086453345,-0.2315153833575471,-0.8227731638601592,0.7743294546757968,-1.5057035353730883,-0.5796870704985312,1.6613641695573005,-0.8958830757728002,"Education, Training, and Library Occupations",33159.545454545456,57790.90909090909,56595.681818181816
252053,"Special Education Teachers, Middle School",1.239885126970805,-0.3695036317176861,-0.7698838836746554,-1.3711507056747605,0.8017530095709786,-0.4625175199849558,0.36450277276053494,-0.8958830757728002,"Education, Training, and Library Occupations",25683.703703703704,60109.230769230766,56964.61538461538
252054,"Special Education Teachers, Secondary School",0.8338418012530644,-0.5984527974860535,-0.8968181561198646,-0.4054158056364512,0.8507782902709234,0.05124686495755473,1.5448574170630056,-0.5275010764614815,"Education, Training, and Library Occupations",26682.25,59066.42857142857,55436.42857142857
252059,"Special Education Teachers, All Other",-0.6650956151213344,-0.3120551325580957,-1.3241635400187357,0.2215141125761228,0.1055940236317632,-0.787911823621701,-0.9643878790258152,-0.8958830757728002,"Education, Training, and Library Occupations",5443.921568627451,60306.545454545456,55981.09090909091
253021,Self-Enrichment Education Teachers,0.3566459206178653,-0.4337107778372282,-1.3241635400187357,-1.3720174491956625,0.5958468306312107,-0.009665587130333128,-0.9643878790258152,-0.8958830757728002,"Education, Training, and Library Occupations",11482.23880597015,43135.70469798658,38932.08053691275
254021,Librarians,0.5938596083564396,-0.6939186857953729,0.09046527840345253,-0.7490313447387816,0.6481404633778183,0.2963223775345191,0.1501655708595107,-0.8958830757728002,"Education, Training, and Library Occupations",8156.07476635514,60495.660377358494,58248.96226415094
254031,Library Technicians,0.5481942644962979,-0.93554031461365,-0.7593060276375546,-0.7836035364377612,-1.5057035353730883,-0.3774464101819055,0.3014624192602337,-0.8958830757728002,"Education, Training, and Library Occupations",9915.254237288136,39991.06060606061,38549.84848484849
259031,Instructional Coordinators,0.6515638067185799,-0.6390046792457643,0.1696107633433427,-0.15134096115562584,0.3735988914581279,-0.6681492578097731,0.7287102437561326,-0.09240422688118352,"Education, Training, and Library Occupations",9045.52,64475.57251908397,61784.885496183204
259041,Teacher Assistants,0.9772584585933124,0.08774539517438132,0.4342698339113141,0.26336493738304123,0.6909149887524377,0.6750827473492121,0.13503588601943842,0.22770374191737985,"Education, Training, and Library Occupations",97520.2,28677.326732673268,27162.574257425742
259099,"Education, Training, and Library Workers, All Other",-0.8700597749973866,-0.93554031461365,-0.06439675441956237,-0.8056398788175291,-1.5057035353730883,-0.7503548297334315,-0.9643878790258152,-0.8958830757728002,"Education, Training, and Library Occupations",8530.422535211268,46928.21917808219,42833.42465753425
271024,Graphic Designers,-0.05257860230079865,-0.93554031461365,0.8783559593472026,0.17274781867170008,0.2722799780115751,-0.9709628784286228,0.5990128877816555,-0.8958830757728002,"Arts, Design, Entertainment, Sports, and Media Occupations",3844.486301369863,52712.00668896321,49867.45819397993
271026,Merchandise Displayers and Window Trimmers,-0.2460395680499397,-0.4632798582870175,-1.3241635400187357,-0.6834954130865533,0.8213631218509565,0.00831362782325156,0.6040561160616797,0.20545464790342852,"Arts, Design, Entertainment, Sports, and Media Occupations",6936.341463414634,33253.17647058824,30236.941176470587
272022,Coaches and Scouts,0.3284119923639036,0.17295838987715267,0.7174622251752948,-0.849512748964252,0.09146647030991427,0.6073282591353951,0.2510301364599926,-0.11530996411727305,"Arts, Design, Entertainment, Sports, and Media Occupations",25300.967741935485,45232.096774193546,36293.54838709677
273031,Public Relations Specialists,0.773238539712062,-0.3906244034675356,0.026389276036800653,1.1515411820803927,0.4080226876524913,-0.4489503106171101,0.638318968207199,-0.8958830757728002,"Arts, Design, Entertainment, Sports, and Media Occupations",4125.677419354839,63810.35256410256,58132.5641025641
273041,Editors,-1.6323694025357631,-0.93554031461365,-1.3241635400187357,0.8144487226984058,-1.5057035353730883,-0.885014591092907,-0.9643878790258152,-0.8958830757728002,"Arts, Design, Entertainment, Sports, and Media Occupations",3637.8321678321677,66959.86301369863,61216.3698630137
291031,Dietitians and Nutritionists,-1.6323694025357631,-0.5025436729956364,-0.7085655634402033,-1.2029512211176001,-1.5057035353730883,-0.9770237511708124,-0.9643878790258152,-0.8958830757728002,Healthcare Practitioners and Technical Occupations,3338.407079646018,60312.58620689655,58174.137931034486
291051,Pharmacists,0.6727945229405728,-0.05434204772763518,1.0307960253038886,1.0334323956644558,0.18259629045398945,-0.19255469425363,1.4483638606264884,0.3787598629984669,Healthcare Practitioners and Technical Occupations,18629.39393939394,119855.14851485149,121854.15841584158
291071,Physician Assistants,-1.6323694025357631,-0.22055653628354932,-1.3241635400187357,-1.3715103557664914,-1.5057035353730883,0.5526471639322336,1.0033606579240462,-0.8958830757728002,Healthcare Practitioners and Technical Occupations,9341.212121212122,101886.9696969697,102358.18181818182
291122,Occupational Therapists,-0.22929503525371844,-0.05634880732625441,0.3391119777650643,0.8847345605818788,0.22979140140495655,0.20211077452233367,1.79506044291141,-0.19029600437942326,Healthcare Practitioners and Technical Occupations,9515.5421686747,79329.6511627907,77793.02325581395
291123,Physical Therapists,0.005617220917878352,-0.1500716048264327,0.22398859326656975,1.0092514213465238,0.0990573195384372,0.5186974409762778,1.796022612737771,0.2486702475821377,Healthcare Practitioners and Technical Occupations,16936.666666666668,84560.82352941176,83953.64705882352
291126,Respiratory Therapists,-0.5913009490893179,0.01226044218459882,0.6385057289914265,1.1415298147623665,-1.5057035353730883,0.8612618962066432,0.4552808818009685,-0.8958830757728002,Healthcare Practitioners and Technical Occupations,15416.07142857143,61268.153846153844,59985.846153846156
291127,Speech-Language Pathologists,1.0729259172893264,-0.2741974027396911,-0.6662208945110677,0.913304731098261,0.2690116259649123,-0.33945452411060845,1.7263023594721538,0.7236704232621599,Healthcare Practitioners and Technical Occupations,13005.2,80255.97402597402,77111.03896103895
291141,Registered Nurses,0.9349879049063357,0.28756243400185394,1.912803314661889,1.7919498836348615,1.274555363408436,1.0401435101447365,1.5596146613020991,1.9806502738310183,Healthcare Practitioners and Technical Occupations,98836.80628272251,70530.41237113402,67621.9587628866
291171,Nurse Practitioners,0.6372125251815279,-0.20206557649915008,0.9782542869709668,0.10993672204107248,1.089931692840078,0.331837796697006,1.7508269749633043,0.3895848561090508,Healthcare Practitioners and Technical Occupations,9747.142857142857,103221.66666666667,101858.82352941176
292021,Dental Hygienists,-1.0902414392621118,-0.21362242636439951,-0.4779350570506743,-1.1284418031193717,0.5272114376512879,-1.1766408036044775,0.8284797745227521,-0.8958830757728002,Healthcare Practitioners and Technical Occupations,20096.79245283019,68802.30769230769,67927.69230769231
292034,Radiologic Technologists,-0.4887964515170632,0.11080653718084607,0.06204826356373254,0.1734952021099631,-1.5057035353730883,0.0681846888475534,0.1905113970997036,-0.8958830757728002,Healthcare Practitioners and Technical Occupations,19374.545454545456,61240.149253731346,59393.73134328358
292041,Emergency Medical Technicians and Paramedics,0.6863200151251043,0.493691650531495,-0.4310154505295676,-1.1112663076670166,2.072340981862708,3.0910756637288204,1.1389475712474466,0.17516786050233216,Healthcare Practitioners and Technical Occupations,17241.777777777777,38685.913978494624,36563.44086021505
292052,Pharmacy Technicians,0.8334137027155037,-0.2189236123607629,0.07160831321885988,0.4949159475518362,1.4153859537791789,0.06040290818101957,-0.03643387550138091,0.11625378006680455,Healthcare Practitioners and Technical Occupations,25429.263157894737,36261.53846153846,35173.846153846156
292053,Psychiatric Technicians,-1.2907071845750742,0.08819164565502619,-0.13376233593401785,0.07354298940605218,0.11213072772508917,0.3139123222094609,-0.9643878790258152,-0.8958830757728002,Healthcare Practitioners and Technical Occupations,7275.087719298245,35481.6129032258,32957.096774193546
292055,Surgical Technologists,-0.09149469927937437,0.010881552717306064,0.41256360513785656,-0.6058315103069334,-1.5057035353730883,0.2958872188592341,0.09216844563923364,-0.8958830757728002,Healthcare Practitioners and Technical Occupations,14942.0,48673.333333333336,47148.75
292056,Veterinary Technologists and Technicians,-0.10460674790532236,0.2419111061301325,-1.3241635400187357,0.018768568452679855,-1.5057035353730883,0.6614712150077644,-0.9643878790258152,-0.8958830757728002,Healthcare Practitioners and Technical Occupations,13226.808510638299,40292.608695652176,38933.69565217391
292061,Licensed Practical and Licensed Vocational Nurses,1.6476289108780506,0.29346642760030056,1.438480953899373,0.7398870895027159,-0.5121245131875412,1.3172194684761716,1.147378049529292,1.089330859166362,Healthcare Practitioners and Technical Occupations,32456.916666666668,45071.532258064515,44217.17741935484
292071,Medical Records and Health Information Technicians,-0.191007122604014,-0.8175976105586323,1.8825465143116131,0.054779391116136125,-1.5057035353730883,-0.8624262362759247,0.17033848397960707,-0.8958830757728002,Healthcare Practitioners and Technical Occupations,10364.358974358975,42699.137931034486,39613.01724137931
311011,Home Health Aides,0.7318984139876544,0.4044962736219481,1.15106756391922,0.07983723099312473,0.1513509522850447,1.3113037033439436,-0.9643878790258152,2.033656418871141,Healthcare Support Occupations,71315.08196721312,27181.11111111111,25883.61111111111
311013,Psychiatric Aides,-0.7179127449137738,0.33981403527144743,-1.0377036446680294,-0.8341420576102054,-1.5057035353730883,0.4582384873172393,-0.9643878790258152,-0.8958830757728002,Healthcare Support Occupations,8922.708333333334,28317.169811320753,26830.754716981133
311014,Nursing Assistants,1.562264385041496,0.37483661174031774,1.5835010960604374,0.23197331695605874,0.2065778220708512,1.63205552386758,-0.9643878790258152,1.3370368097830625,Healthcare Support Occupations,91326.81318681319,30195.333333333332,29290.666666666668
311015,Orderlies,-1.6323694025357631,0.05555227735734167,-1.3241635400187357,-1.3715103557664914,-1.5057035353730883,0.6815304150314472,-0.9643878790258152,-0.8958830757728002,Healthcare Support Occupations,7461.702127659574,28253.508771929824,27294.56140350877
312021,Physical Therapist Assistants,-0.7047686040444637,-0.336125034936044,-1.3241635400187357,0.002214832644500675,0.13174084000506694,0.3362074563689598,-0.9643878790258152,-0.8958830757728002,Healthcare Support Occupations,7609.577464788732,56143.80281690141,56408.59154929577
319091,Dental Assistants,0.8267629356249143,-0.2606202824830807,0.7864026039609114,0.10467598236603984,0.056568742931818475,-0.7987559253867057,0.011476793158847922,-0.4056739585789979,Healthcare Support Occupations,29970.526315789473,39647.96610169492,38328.64406779661
319092,Medical Assistants,0.7872868433498029,-0.15950005597477412,2.4048342131552043,0.3199021349563041,-0.1950943646612315,0.2048536825529957,0.029128092138932332,1.0445982286700135,Healthcare Support Occupations,37903.76344086022,34371.76470588235,32900.39215686275
319093,Medical Equipment Preparers,-0.7941988654608007,0.11853538286890784,-0.6953741782278061,-0.5086552581551875,-1.5057035353730883,0.5804338678675601,-0.9643878790258152,-0.8958830757728002,Healthcare Support Occupations,4721.466666666666,37638.22784810127,36192.91139240506
319095,Pharmacy Aides,0.2578598867182259,-0.4794299732651374,-0.6968398876958501,-0.5718231324080628,0.41608746806474667,-0.05076807913076546,-0.9643878790258152,-0.8958830757728002,Healthcare Support Occupations,4191.0204081632655,34107.40740740741,33067.03703703704
319097,Phlebotomists,0.4791378018079368,-0.029410085026400905,0.6806071549063899,-0.6660786182323833,-0.4467574722542813,-0.37393709711531176,0.32163533238033004,0.15414125595384853,Healthcare Support Occupations,11438.125,35374.444444444445,34006.666666666664
319099,"Healthcare Support Workers, All Other",-1.176804301995634,-0.5618688356372503,0.4089006637985593,-0.024987506953644142,-1.5057035353730883,-0.1876194362502484,-0.9643878790258152,-0.8958830757728002,Healthcare Support Occupations,5067.589285714285,37996.639344262294,36152.04918032787
331011,First-Line Supervisors of Correctional Officers,0.5380968807186641,0.10523487905700923,-0.7923367812347983,-1.207932199169255,2.1107114324496865,0.9179985996374626,-0.9643878790258152,-0.8958830757728002,Protective Service Occupations,13294.736842105263,66689.47368421052,64114.21052631579
331012,First-Line Supervisors of Police and Detectives,0.17733002191053576,0.8482281787928252,1.6167336514220616,1.5315758193239315,1.4728026914411598,0.6331934843220614,1.8099289628222224,0.24124812392290604,Protective Service Occupations,18679.117647058825,85288.75,81898.4375
331021,First-Line Supervisors of Fire Fighting and Prevention Workers,-0.14003091515333113,3.7771637988015816,1.0053319344889655,-1.2539131991221946,2.4512491814091257,0.8290049957231961,2.2375492279191005,2.008285157207935,Protective Service Occupations,10952.1875,80456.45161290323,76510.32258064517
332011,Firefighters,0.6247247730964931,4.7264574763225005,0.3551173932295205,1.6197970565179487,2.153878189360038,1.618805913652564,1.5978571240343398,3.0951717393674505,Protective Service Occupations,32256.4406779661,47737.37704918033,45766.88524590164
333012,Correctional Officers and Jailers,0.4835383157780128,1.3161726784352423,1.2608120103478808,1.087473190729101,1.5223427531488367,0.8868353644368859,1.0207799265725601,0.3165161526126086,Protective Service Occupations,111056.95652173914,47606.95652173913,45240.86956521739
333051,Police and Sheriff's Patrol Officers,0.8544221673079238,1.553133962591987,3.3266450067344437,1.9394784293981833,2.1874523336236447,2.0258619848883392,1.3405896474719907,3.5403260330244444,Protective Service Occupations,93385.11627906977,57462.380952380954,55656.19047619047
339032,Security Guards,-0.029762536594283257,-0.021083567261346886,1.1307524228109656,0.12248500137901208,0.44022420460436457,0.5235067073750416,-0.28692228697434435,2.582781204006073,Protective Service Occupations,18956.871345029238,34158.19718309859,31099.74647887324
339091,Crossing Guards,-0.5688494671198988,0.6231764393327884,-1.3241635400187357,-1.3732439139828962,-1.5057035353730883,-0.8972722819583678,-0.9643878790258152,-0.8958830757728002,Protective Service Occupations,10288.636363636364,32377.14285714286,29693.673469387755
339092,"Lifeguards, Ski Patrol, and Other Recreational Protective Service Workers",0.7932847967336101,1.3328317397652216,-0.4569046084062884,-0.5305163825111031,-0.4108055997409883,0.9365464290119601,-0.9643878790258152,0.5790222355442709,Protective Service Occupations,11584.0,24032.30769230769,22710.76923076923
351011,Chefs and Head Cooks,0.1660050186156987,1.0554899025648536,-0.6644264853654421,-0.791966695123347,0.6958010670548344,-0.03677954335481426,0.316592104100306,-0.8958830757728002,Food Preparation and Serving Related Occupations,5407.720588235294,52130.07042253521,48692.25352112676
351012,First-Line Supervisors of Food Preparation and Serving Workers,1.968443762382764,1.3271607694106506,1.524594291715071,0.7482421117880045,1.4367773136531112,0.6680450105212096,0.7427448937623425,0.19202873184089267,Food Preparation and Serving Related Occupations,27910.722222222223,40820.87912087912,38605.65934065934
352011,"Cooks, Fast Food",0.9528149827436508,1.3390222518202552,-1.2091073560903318,-0.4780380762169643,1.6598586380526823,0.3680411541939263,-0.9643878790258152,0.4085285940525729,Food Preparation and Serving Related Occupations,40036.5625,24404.21875,23403.125
352012,"Cooks, Institution and Cafeteria",0.07869648731429209,1.549323911837282,0.8994827334738834,-0.18461933846754308,1.2534228004479837,0.9249023712738008,-0.9643878790258152,0.9495060593094294,Food Preparation and Serving Related Occupations,15380.853658536585,29042.690058479533,27564.619883040934
352014,"Cooks, Restaurant",0.7552990423841747,1.6439268407294736,1.1682630230238762,-0.3253108152278107,1.6109641011979825,0.5613153436378697,-0.9643878790258152,0.3083974077796707,Food Preparation and Serving Related Occupations,71847.08737864078,27780.925925925927,26652.59259259259
352015,"Cooks, Short Order",0.8747165390436126,0.970205590652424,-0.7153064635845943,-0.2187815757867525,1.5345663873625128,0.6633441571479526,-0.8105694164850801,0.3814661112761128,Food Preparation and Serving Related Occupations,10845.581395348838,26904.842105263157,26084.42105263158
352021,Food Preparation Workers,0.6756128416368936,0.7645468671889336,-1.0235481965837925,-0.33859538939744754,1.3664914169244788,0.3635030498076661,-0.9643878790258152,1.8231023213483044,Food Preparation and Serving Related Occupations,27569.20245398773,25180.29411764706,23990.764705882353
353011,Bartenders,2.182180480025829,1.1664715322570782,-0.2285479499856555,0.18109588595737536,1.3672839523269675,0.5080142067741183,-0.9643878790258152,0.2299162077279366,Food Preparation and Serving Related Occupations,39952.857142857145,25258.333333333332,22055.0
353021,"Combined Food Preparation and Serving Workers, Including Fast Food",2.1025312571355737,1.1683103464055318,0.2931975566604269,-0.3331945281235247,1.4823953040879048,0.4458263120919122,-0.9643878790258152,0.5411347596572268,Food Preparation and Serving Related Occupations,98187.35449735449,24152.85,22994.55
353022,"Counter Attendants, Cafeteria, Food Concession, and Coffee Shop",2.1527443483556747,0.9093316519069856,-1.0618686167971974,-0.5661477808321271,2.227469251793821,0.30215889973361704,-0.9643878790258152,1.7905248354071566,Food Preparation and Serving Related Occupations,16365.64935064935,23593.652694610777,22480.778443113773
353031,Waiters and Waitresses,2.3101914105925383,0.5408365186058616,0.8778699180529985,0.22030352189207755,1.620131826858239,0.17914754718473427,-0.6340564266842367,0.5303097665466429,Food Preparation and Serving Related Occupations,130180.08695652174,24369.268292682926,21342.27642276423
353041,"Food Servers, Nonrestaurant",0.3347955975723784,0.4968174306492029,-0.8404889469822636,-0.30666413810018683,0.8444865630793778,0.7395005495761259,-0.9643878790258152,0.5438410079348729,Food Preparation and Serving Related Occupations,13799.711538461539,25434.310344827587,23791.724137931036
359011,Dining Room and Cafeteria Attendants and Bartender Helpers,1.1978418224833174,0.9211100810651248,0.14440616784463084,-0.4176529769001423,1.461224582080461,0.8724535358169042,-0.9643878790258152,0.2921599181137947,Food Preparation and Serving Related Occupations,21916.491228070176,23344.508196721312,21791.06557377049
359021,Dishwashers,-0.21509494532766066,1.7894024515667133,0.07951987236566796,-0.6176752961079262,1.445945039313367,0.7021392522398839,-0.9643878790258152,0.13790376628797274,Food Preparation and Serving Related Occupations,21007.883211678833,23094.405594405594,22345.454545454544
359031,"Hosts and Hostesses, Restaurant, Lounge, and Coffee Shop",2.265131913806726,-0.04515344683462896,-1.2082849196027072,-0.10799141704692218,1.0747092666012523,-0.30430460901897605,-0.8584800851453092,2.161280849444659,Food Preparation and Serving Related Occupations,30874.683544303796,24215.494505494506,22665.054945054944
359099,"Food Preparation and Serving Related Workers, All Other",0.3392005882305185,0.7500945752702044,-1.3241635400187357,-0.8001665897625387,-1.5057035353730883,-0.14003180213376626,-0.9643878790258152,-0.8958830757728002,Food Preparation and Serving Related Occupations,3374.945054945055,25891.176470588234,23950.49019607843
371011,First-Line Supervisors of Housekeeping and Janitorial Workers,-0.1797479089123839,0.5572472790743154,-0.3275034669435592,0.11568127477658945,0.28535338619822725,1.282003178431941,0.09469005977924556,-0.054239861424893517,Building and Grounds Cleaning and Maintenance Occupations,4594.68085106383,46020.102040816324,43928.316326530614
371012,"First-Line Supervisors of Landscaping, Lawn Service, and Groundskeeping Workers",0.6084599201552499,1.1600469765612276,-0.08209720688282146,0.1199831192269995,0.07944720725845944,0.4788262697288271,0.4981483221811734,0.8271004485651797,Building and Grounds Cleaning and Maintenance Occupations,5106.491228070176,51381.55737704918,48697.54098360656
372011,"Janitors and Cleaners, Except Maids and Housekeeping Cleaners",-0.5806624445394268,0.8815087747293352,0.2992312995334636,-0.497696405786755,0.5015712079124726,1.677981224351744,-0.9643878790258152,0.6241509467380468,Building and Grounds Cleaning and Maintenance Occupations,29133.412322274882,28232.377622377622,26310.32634032634
372012,Maids and Housekeeping Cleaners,-0.42260107316950063,0.21192180910464825,0.3088628233398015,-0.3272139364289382,0.30823185052486823,1.6180900198259651,-0.9643878790258152,0.6828823017112472,Building and Grounds Cleaning and Maintenance Occupations,27013.53591160221,25761.44385026738,23806.20320855615
373011,Landscaping and Groundskeeping Workers,-0.09402120718007656,2.8283298405825694,0.3120692188384119,-0.3111159806792653,0.4455026364847134,1.9824438156633648,-0.7828316609449476,1.3516346162784845,Building and Grounds Cleaning and Maintenance Occupations,21204.65863453815,30587.340823970037,28324.569288389514
391021,First-Line Supervisors of Personal Service Workers,0.955129374769866,0.18591911183714324,-0.9655309667099878,0.29478492796864314,0.18076612070501166,0.4957568150461106,1.7110227853745408,0.9140969470098548,Personal Care and Service Occupations,7740.4575163398695,42918.41059602649,40656.75496688742
392021,Nonfarm Animal Caretakers,0.4427332260252633,0.3253796686917572,-0.6924427592917178,-0.6689582523354713,0.945208995870198,0.9734171200527759,-0.9643878790258152,-0.8958830757728002,Personal Care and Service Occupations,10813.369565217392,29000.416666666668,26971.458333333332
393011,Gaming Dealers,2.1710900900324184,-0.05989556140537985,-0.2158879514073532,0.051891128284657285,0.6286527785276211,-0.5907703781925143,-0.9643878790258152,-0.8958830757728002,Personal Care and Service Occupations,24608.18181818182,23062.777777777777,20496.666666666668
393031,"Ushers, Lobby Attendants, and Ticket Takers",1.4560775425000534,-0.4632798582870175,-1.3241635400187357,-0.5120857078898313,-1.5057035353730883,-0.007899335711444655,-0.9643878790258152,0.8271004485651797,Personal Care and Service Occupations,9738.194444444445,24084.0,21867.733333333334
393091,Amusement and Recreation Attendants,1.6600831944198036,1.0087435452333673,-1.2817250370038158,-0.4012411411406157,0.5902823279406417,0.21609145368787064,-0.42224083892322456,0.4301785802737407,Personal Care and Service Occupations,16388.039215686276,24023.48623853211,21955.77981651376
395012,"Hairdressers, Hairstylists, and Cosmetologists",1.5951667212308152,0.09301830255793936,1.401843785226411,-1.2223648775352631,-0.0022615939081152203,-0.4226053816766,0.7049206816621616,-0.8958830757728002,Personal Care and Service Occupations,25261.739130434784,32362.465753424658,29349.45205479452
399011,Childcare Workers,1.1881979205414923,0.8145548076068265,1.1661734561176955,-0.5616403698177906,-0.23431458922118745,0.8516735930038446,-0.9643878790258152,-0.21713199042753556,Personal Care and Service Occupations,25247.82945736434,25938.805970149253,24005.223880597016
399021,Personal Care Aides,1.142221994323219,0.4566526649246426,0.8631928332226102,0.2670802939916785,0.2461331616382713,1.3979215529735571,-0.9643878790258152,2.150978055674813,Personal Care and Service Occupations,130180.11235955056,25504.021739130436,24452.17391304348
399031,Fitness Trainers and Aerobics Instructors,1.565739228071478,0.007650134061307087,-0.09703066356628612,-0.4385743383077654,-0.0022615939081152203,-0.1000331742830122,0.003911950738811944,-0.8958830757728002,Personal Care and Service Occupations,14962.454545454546,42495.75221238938,37947.78761061947
399032,Recreation Workers,0.9784353483047914,0.8198643103639486,0.6789313996186703,-0.13548710841107414,-0.054555226654723135,0.3733556084119765,0.10477651633929384,0.22554165791854394,Personal Care and Service Occupations,17149.739130434784,28881.811023622045,26287.48031496063
411011,First-Line Supervisors of Retail Sales Workers,0.9974614058412082,-0.11405479974306347,1.7785396830467737,1.1915148074744264,1.244255074787727,0.464264472349118,0.30650564754025794,0.804197357565377,Sales and Related Occupations,22235.038167938932,47480.98484848485,43233.56060606061
411012,First-Line Supervisors of Non-Retail Sales Workers,0.6105143631820293,-0.5536767613763729,0.02850484724422104,1.6492533071515014,0.0402269826985035,-0.3727648415972874,0.6835146059816658,0.6606153207502804,Sales and Related Occupations,3924.3167701863354,81811.9814241486,73326.78018575851
412011,Cashiers,1.0228659498161143,-0.07848672177156414,0.40463033563586176,-0.2498951558037672,0.5998749405873866,0.5837272834106187,-0.9643878790258152,0.5221910217137049,Sales and Related Occupations,69732.31075697212,24156.95340501792,22705.51971326165
412021,Counter and Rental Clerks,1.5562086107288455,-0.30893292018743035,-0.9445447877953072,-0.028452916212813137,-0.5382713295608447,-0.05724277274578692,-0.9643878790258152,-0.3086271995236177,Sales and Related Occupations,12717.202380952382,29794.761904761905,27226.137566137568
412022,Parts Salespersons,0.051607601316401235,-0.2700856619117428,-0.6660599888669236,0.8699434216849774,0.11866743181841476,1.029076026794287,0.15268718499952286,-0.8958830757728002,Sales and Related Occupations,14213.444444444445,35745.10638297872,32945.85106382979
412031,Retail Salespersons,1.0012778857001663,-0.4859225469594186,0.6035175741168826,0.4873371757133023,1.0254470813305512,0.3166317771328859,-0.2179900935822485,2.0879564880441093,Sales and Related Occupations,73803.99317406143,30630.93023255814,26436.943521594683
413011,Advertising Sales Agents,-0.9965854471860082,-0.3466931982278488,-1.3241635400187357,1.3147749254630134,-1.5057035353730883,-0.9308278662283196,-0.9643878790258152,-0.8958830757728002,Sales and Related Occupations,7526.354166666667,53916.82692307692,47157.596153846156
413021,Insurance Sales Agents,1.4597789884794532,-0.478486813946909,1.5726607187037478,1.246430632514144,0.6350670551911667,-0.909436814256578,0.5826935678693939,-0.408541133046069,Sales and Related Occupations,40549.107142857145,62670.0,49098.392857142855
413031,"Securities, Commodities, and Financial Services Sales Agents",-0.6332257159563376,-0.7234877662451621,-0.6703337191429635,3.726855336416141,-1.5057035353730883,-1.0105752279953548,0.15773041327954687,0.3489911319443607,Sales and Related Occupations,29425.573770491803,96964.21875,74648.59375
413099,"Sales Representatives, Services, All Other",1.3184113637434318,-0.5012972474367463,1.2234206697611565,1.0832067138895276,-0.012066650048104631,-0.7306930317494554,0.7705647903765059,1.3592240427744844,Sales and Related Occupations,14005.0,62131.397849462366,53965.215053763444
414011,"Sales Representatives, Wholesale and Manufacturing, Technical and Scientific Products",1.1940050629747363,-0.3162792869080655,1.904295927577892,3.127794017866236,0.7186388035996952,-0.5428519668396572,0.054344233539052884,1.6802104873924717,Sales and Related Occupations,8042.990196078431,81047.08737864078,71962.76699029126
414012,"Sales Representatives, Wholesale and Manufacturing, Except Technical and Scientific Products",1.5515233161537052,-0.2505703006609967,1.3813849115647507,2.3332655458978366,0.22979140140495655,-0.1992427307190628,1.0797683562168872,1.8776283309867368,Sales and Related Occupations,21439.14110429448,65212.19814241486,56352.35294117647
419041,Telemarketers,1.7063758656030992,-0.93554031461365,-0.705634144504115,1.4030922027002353,-1.5057035353730883,-1.1766408036044775,-0.9643878790258152,-0.8958830757728002,Sales and Related Occupations,5778.206896551724,29203.035714285714,26503.690476190477
419099,"Sales and Related Workers, All Other",0.9797958174355842,-0.5401594674564693,0.2585794497051761,0.019364439530537302,0.2833187232448095,-0.025869087110778687,-0.9643878790258152,-0.8958830757728002,Sales and Related Occupations,1842.6446280991736,44574.387351778656,40331.69960474308
431011,First-Line Supervisors of Office and Administrative Support Workers,1.2647694144804946,-0.7567011830981742,1.79773010956747,1.0617930363982793,-0.07089698688803811,-0.6563352729531725,0.18042494053965533,0.5797632782945517,Office and Administrative Support Occupations,17515.93181818182,59861.68918918919,56498.13063063063
433011,Bill and Account Collectors,1.19007566888908,-0.93554031461365,1.320792855547812,0.9535426782780444,0.3311103148515088,-1.0045119892497305,0.2964191909802095,-0.01698743962059835,Office and Administrative Support Occupations,5081.480144404332,40371.607142857145,38328.357142857145
433021,Billing and Posting Clerks,0.9156296232942148,-0.93554031461365,1.1869156480209804,0.9509567028139604,-0.025140058234756613,-0.9215628691071855,0.3266785606603541,-0.3476610453016249,Office and Administrative Support Occupations,6798.16,38875.14435695538,37462.07349081365
433031,"Bookkeeping, Accounting, and Auditing Clerks",0.2764695033171696,-0.9068160650338548,1.4061798123355769,0.4456940679270925,0.5422785369251377,-0.909170677197555,0.3145201577329146,-0.024763335069504143,Office and Administrative Support Occupations,18410.884353741498,41336.56179775281,39639.2808988764
433051,Payroll and Timekeeping Clerks,0.2185638325285616,-0.93554031461365,1.3727100557700358,0.3865781131395867,0.16442436047169667,-0.8001924231039034,0.3998053707207038,-0.263542321049434,Office and Administrative Support Occupations,2148.641025641026,44932.92929292929,43941.843434343435
433061,Procurement Clerks,-0.05109947710807065,-0.93554031461365,-1.0377036446680294,0.221753019506372,0.3605254832714759,-0.9878921396527892,0.26615982130006505,-0.8958830757728002,Office and Administrative Support Occupations,1277.7227722772277,41385.39215686275,40295.359477124184
433071,Tellers,0.9271501380126398,-0.93554031461365,1.3036037243746128,0.5748165933406091,-0.00879829800144121,-0.9257079900720936,-0.7071832367445862,-0.34651467541066183,Office and Administrative Support Occupations,53632.17391304348,31371.132075471698,30122.830188679247
433099,"Financial Clerks, All Other",-1.6323694025357631,-0.93554031461365,-1.3241635400187357,-1.3715103557664914,-1.5057035353730883,-1.163550392875917,-0.9643878790258152,-0.8958830757728002,Office and Administrative Support Occupations,1349.9137931034484,42431.28,40373.2
434031,"Court, Municipal, and License Clerks",0.15208376560413486,-0.93554031461365,-1.3241635400187357,-0.6130383591757842,0.5762367183512328,-1.0717973609845943,-0.9643878790258152,-0.8958830757728002,Office and Administrative Support Occupations,37658.09523809524,37036.2962962963,35175.555555555555
434051,Customer Service Representatives,2.170836032928282,-0.930471329393686,1.085611107890487,1.113740042726283,1.5381943154941515,-0.8882359035897608,0.04677939111901674,1.0840408836468387,Office and Administrative Support Occupations,33939.17257683215,36996.150234741785,34577.06572769953
434061,"Eligibility Interviewers, Government Programs",1.2885026813639142,-0.7885397432346981,0.3677229771396165,0.19878180147284696,0.16769271251835965,-1.0802018883602578,0.4401511969608963,-0.8958830757728002,Office and Administrative Support Occupations,12023.787878787878,41819.59459459459,40091.62162162162
434071,File Clerks,-0.677050882992136,-0.93554031461365,-0.636214776055745,-0.2898732372789157,0.5174063815112988,-0.6960482270259372,-0.9643878790258152,-0.5216997851337439,Office and Administrative Support Occupations,2454.4194756554307,31909.68085106383,30187.943262411347
434081,"Hotel, Motel, and Resort Desk Clerks",1.8864484423802652,-0.6567461275156379,-0.9386819499231308,0.2909135919182849,0.6334490848509936,-0.03248190477718717,0.39224052830066736,0.10272253867857456,Office and Administrative Support Occupations,24414.80769230769,25807.068965517243,24386.03448275862
434111,"Interviewers, Except Eligibility and Loan",-1.6323694025357631,-0.93554031461365,-0.6435433233959655,0.16236491455523078,-1.5057035353730883,-1.1766408036044775,-0.9643878790258152,-0.8958830757728002,Office and Administrative Support Occupations,8278.169014084508,36175.30612244898,34649.45578231292
434121,"Library Assistants, Clerical",0.31701361501361,-0.93554031461365,-0.6587314415267029,-0.5318930305077146,-0.015335002094767413,0.3906242295774849,-0.9643878790258152,-0.8958830757728002,Office and Administrative Support Occupations,10576.666666666666,30744.736842105263,29347.719298245614
434131,Loan Interviewers and Clerks,0.3926484692572337,-0.93554031461365,-0.058825923601199925,1.0445276578490148,0.9783910306402924,-1.1766408036044775,0.4779754090610771,-0.8958830757728002,Office and Administrative Support Occupations,17103.098591549297,39590.41095890411,38132.739726027394
434141,New Accounts Clerks,0.3956680324786082,-0.93554031461365,-1.216635725401218,1.3627026955685335,-0.17221590033459053,-1.0933164919093217,0.4603241100809927,-0.8958830757728002,Office and Administrative Support Occupations,7445.357142857143,37462.41379310345,35967.24137931035
434151,Order Clerks,0.8819205521424673,-0.93554031461365,-0.42450606357528936,0.35901130147266075,0.7527277288710341,-1.0092430937249806,-0.11964714212177854,-0.8958830757728002,Office and Administrative Support Occupations,2987.6868327402135,36094.21232876712,34562.979452054795
434161,"Human Resources Assistants, Except Payroll and Timekeeping",-0.05621009120256923,-0.8290916249944091,-0.2623433360726877,-0.15478146796115055,0.1350091920517297,-1.0019618778617276,0.34685147378045045,-0.8958830757728002,Office and Administrative Support Occupations,2095.1988636363635,40783.93258426966,39714.213483146064
434171,Receptionists and Information Clerks,1.7886669596231597,-0.8474909023922407,0.5275827844793776,0.10513506631637354,0.5234201102236486,-0.8862311784379469,-0.9643878790258152,0.7909425347277671,Office and Administrative Support Occupations,13520.816831683169,30094.547677261613,28930.611246943765
434181,Reservation and Transportation Ticket Agents and Travel Clerks,0.5707594864858133,-0.93554031461365,-1.3241635400187357,0.809311604356022,-1.5057035353730883,-0.6656804725350125,-0.9643878790258152,-0.8958830757728002,Office and Administrative Support Occupations,11415.692307692309,35209.38461538462,32176.615384615383
434199,"Information and Record Clerks, All Other",-1.1550007522811487,-0.93554031461365,0.6220753977801187,0.708726364624933,-1.5057035353730883,-1.1450309231213711,0.12999265773941435,-0.8958830757728002,Office and Administrative Support Occupations,4098.170212765957,40690.16,39098.68
435031,"Police, Fire, and Ambulance Dispatchers",2.160431088226101,-0.93554031461365,2.3447126367890667,-1.1608797803442137,2.0243779186289834,-1.0612340864842011,-0.11712552798176645,-0.8958830757728002,Office and Administrative Support Occupations,11110.961538461539,40445.09433962264,38765.660377358494
435032,"Dispatchers, Except Police, Fire, and Ambulance",1.7312262810906898,-0.8062811915045716,-0.6514028941864823,0.20867364307862624,1.2503668918945647,-1.0910636362593642,0.25355175060000473,-0.3032147029683258,Office and Administrative Support Occupations,3549.785714285714,42026.75862068965,39462.206896551725
435061,"Production, Planning, and Expediting Clerks",-0.2313079291891128,-0.7175739501552042,1.8231867156811252,0.02692242810447192,0.9096330881883696,-0.31648725970380603,0.5914480453616195,0.08377880073505264,Office and Administrative Support Occupations,4579.394736842105,47793.21608040201,45458.417085427136
435071,"Shipping, Receiving, and Traffic Clerks",0.22980467448867825,-0.3167124158252304,0.9444344936148416,0.060327015605433014,-0.07089698688803811,0.8997118193957184,-0.9643878790258152,1.0010732285825126,Office and Administrative Support Occupations,9234.305177111717,34815.5672823219,33088.469656992085
435081,Stock Clerks and Order Fillers,0.6432183366852913,-0.010706818075984156,0.7291012085799107,-0.4114550702568083,0.017348518371862538,1.3849560719872052,-0.9543014224657668,1.232644196142732,Office and Administrative Support Occupations,25299.358974358973,32873.575,31051.575
436011,Executive Secretaries and Executive Administrative Assistants,0.19473667314158608,-0.8181088236844872,1.0507433449120605,0.8774180235490201,0.4030140598780945,-1.0429899733946304,1.0022849298830938,0.19262614126773012,Office and Administrative Support Occupations,8062.379807692308,57687.97619047619,55684.69047619047
436012,Legal Secretaries,1.2111610780803859,-0.7294015823351198,0.9992080796839892,0.40437747841569344,1.2732862060452057,-0.8953015166402943,0.3014624192602337,-0.8958830757728002,Office and Administrative Support Occupations,9811.340206185567,51819.26315789474,50296.52631578947
436013,Medical Secretaries,2.15871118496579,-0.8086915178019908,1.255832506479499,0.4624241495718353,0.014080166325199752,-0.7850708187299239,-0.9643878790258152,0.7915563571453768,Office and Administrative Support Occupations,30673.703703703704,36285.90909090909,35241.09090909091
436014,"Secretaries and Administrative Assistants, Except Legal, Medical, and Executive",1.3297884488499017,-0.8105053458545415,1.099899131611198,0.42338719707622463,0.5019552450749614,-0.6746413874023538,0.04051282808337192,0.5024006730291708,Office and Administrative Support Occupations,29179.954954954956,36702.7802690583,35536.12107623318
439021,Data Entry Keyers,-0.3296745870209205,-0.93554031461365,0.7432811949376996,-0.06558250196024032,0.5108696774179728,-0.8572981437934372,-0.9643878790258152,-0.8958830757728002,Office and Administrative Support Occupations,3060.2492211838007,32734.763313609466,31536.390532544377
439041,Insurance Claims and Policy Processing Clerks,1.3876011911302206,-0.93554031461365,-0.14786537489813795,0.7694975523524109,-0.3372676786910714,-0.9160406396553838,0.24598690817996854,-0.08671484075664561,Office and Administrative Support Occupations,14631.545454545454,40136.782608695656,38223.391304347824
439051,"Mail Clerks and Mail Machine Operators, Except Postal Service",-1.2559932281709778,-0.93554031461365,-0.869793604925057,-1.1586473517669929,0.23305975345161936,-0.4071624618545616,-0.9643878790258152,-0.8958830757728002,Office and Administrative Support Occupations,2573.277777777778,33090.67010309279,31999.639175257733
439061,"Office Clerks, General",1.2716681003622108,-0.8550315447927136,0.4623693946344784,0.3692566889018225,0.4945279171846579,-0.7621273288351796,0.029128092138932332,0.2898802346713961,Office and Administrative Support Occupations,37091.476510067114,34540.156950672645,32268.789237668163
439199,"Office and Administrative Support Workers, All Other",-1.6323694025357631,-0.6770220683954933,0.8817298768739509,-1.0869987325815866,-1.5057035353730883,-1.1766408036044775,-0.9643878790258152,-0.8958830757728002,Office and Administrative Support Occupations,4096.578947368421,38030.62111801242,35990.24844720497
471011,First-Line Supervisors of Construction Trades and Extraction Workers,-0.06406347676754187,3.006828654197144,0.7569601576620413,0.7103044291830601,0.08598391135178501,1.8566374266216001,0.029128092138932332,2.396069049706405,Construction and Extraction Occupations,13420.405405405405,70765.9649122807,67780.0
472031,Carpenters,-0.1759189725060999,2.8348408234390177,0.8645939761392682,-0.5244873151198136,0.05003203883849228,2.619121122804089,-0.9643878790258152,2.3290644593449827,Construction and Extraction Occupations,16641.86046511628,50588.68778280543,47785.927601809955
472061,Construction Laborers,-0.2960017401640423,3.684790253781823,0.4221236177993726,-0.3708411937183297,0.4945279171846579,2.0669874672776167,-0.6365780408242486,2.344040926540345,Construction and Extraction Occupations,30136.904761904763,39031.36363636364,35722.954545454544
472073,Operating Engineers and Other Construction Equipment Operators,-0.6345030393290468,2.9457958669670474,1.4020803302517324,-0.5329404802309907,0.4945279171846579,0.8220639793449723,0.011476793158847922,1.2627499958952129,Construction and Extraction Occupations,13934.963503649635,49936.38157894737,47071.18421052631
472111,Electricians,-0.34954315057367724,1.7743933858478995,0.6573112918771571,-0.0872928625766045,0.16769271251835965,2.9506163684553366,0.8295918336066537,2.411306483512877,Construction and Extraction Occupations,13508.241758241758,59828.63309352518,58502.589928057554
472141,"Painters, Construction and Maintenance",-0.575807378641198,1.829821099845408,-0.9010492985347048,-0.44522097158661184,-0.18202095647457955,1.8857769319941569,-0.9643878790258152,1.0929627948766836,Construction and Extraction Occupations,7584.285714285715,45468.8,43431.54285714286
472152,"Plumbers, Pipefitters, and Steamfitters",-0.6868834324578253,1.0082938537141244,-0.09175630746187692,-0.5744594415604064,0.8050213616176416,1.981999166655272,-0.9643878790258152,0.3582652570635053,Construction and Extraction Occupations,13948.77094972067,58289.52631578947,56566.52631578947
472211,Sheet Metal Workers,-1.35526408300201,1.0870732353622623,0.004163275174147167,-0.7271687139461659,-1.5057035353730883,2.135406508690596,-0.9643878790258152,-0.8958830757728002,Construction and Extraction Occupations,6736.576576576576,53482.307692307695,51816.23931623931
474011,Construction and Building Inspectors,-0.1489608474686064,1.7912609304477267,0.2591774273052566,0.6863288972655613,0.5500899019779288,0.5245510958562372,0.394957841729301,1.1170448530940682,Construction and Extraction Occupations,5862.083333333333,60579.50495049505,57725.44554455446
474051,Highway Maintenance Workers,-0.7858514107177562,3.4105966904351006,0.6565748847665229,-0.7303958207650958,-0.1297273237279718,1.0598643452967114,-0.3163330450427184,0.2440014682320966,Construction and Extraction Occupations,30919.64285714286,39322.5,37281.875
491011,"First-Line Supervisors of Mechanics, Installers, and Repairers",0.9421798029463946,1.2236569044167884,0.2839125929624465,0.9276984349481996,0.9356083108924288,1.1275064557548655,0.6800380184605532,1.6222597381760084,"Installation, Maintenance, and Repair Occupations",6254.897959183673,69266.22448979592,66896.78571428571
492022,"Telecommunications Equipment Installers and Repairers, Except Line Installers",-0.2820477593060052,0.4718165852515453,-1.1258752230357418,0.6103800134312803,0.4324292282980614,1.8790554475061745,0.7982204048426075,0.2797949442515741,"Installation, Maintenance, and Repair Occupations",10637.083333333334,54861.23809523809,53364.380952380954
492094,"Electrical and Electronics Repairers, Commercial and Industrial Equipment",-0.2601495308579099,1.130225439474284,-0.12898602468027914,-0.6729111753556758,0.13174084000506694,1.3260307455503466,-0.9643878790258152,-0.8958830757728002,"Installation, Maintenance, and Repair Occupations",1784.6354166666667,57051.851851851854,55562.6455026455
493011,Aircraft Mechanics and Service Technicians,-1.6323694025357631,-0.93554031461365,-1.3241635400187357,0.2916647294839382,-1.5057035353730883,-1.1766408036044775,-0.9643878790258152,-0.8958830757728002,"Installation, Maintenance, and Repair Occupations",7676.516853932584,60770.0,60027.31958762887
493021,Automotive Body and Related Repairers,-0.5776394934729508,0.928251651198486,-1.3241635400187357,-0.6897899724734555,0.6416037592844922,1.1054559954143002,-0.9643878790258152,-0.8958830757728002,"Installation, Maintenance, and Repair Occupations",11114.72972972973,46416.153846153844,44203.717948717946
493023,Automotive Service Technicians and Mechanics,0.2814618477224204,2.0277875479050818,1.0449208805954828,-0.5599316073280701,1.1288659686320333,1.6193099153779562,0.4510781915676154,0.01882884207154847,"Installation, Maintenance, and Repair Occupations",15657.737556561086,45181.28318584071,43459.11504424779
493031,Bus and Truck Mechanics and Diesel Engine Specialists,-0.17879936375195335,2.1152048379251776,1.1762406303389643,-0.0983408019100781,0.31150020257153105,2.3660367700308487,0.5813615888015711,0.9971240203401748,"Installation, Maintenance, and Repair Occupations",5853.303964757709,48665.063829787236,47493.063829787236
493042,"Mobile Heavy Equipment Mechanics, Except Engines",-0.2440986448299552,1.6718442669933964,0.11795880545920046,0.6091214803915216,0.3605254832714759,2.307440319579294,0.3418082455004264,-0.14697342367296462,"Installation, Maintenance, and Repair Occupations",4258.238993710692,51754.251497005986,50520.71856287425
499021,"Heating, Air Conditioning, and Refrigeration Mechanics and Installers",-0.2870755533692361,2.854458850791672,1.2003725938451717,0.09232395547220623,0.6938973920311001,2.7914019400342958,0.6444019423018721,0.30870505949807503,"Installation, Maintenance, and Repair Occupations",9105.663265306122,52929.57943925234,51776.63551401869
499041,Industrial Machinery Mechanics,-0.7960557994884141,2.4212828063210394,1.0374482518398107,0.2294869863582879,1.0563166987524717,2.012536715775972,0.4704105666410411,0.6737409252618811,"Installation, Maintenance, and Repair Occupations",7311.223628691983,52556.33064516129,51270.08064516129
499043,"Maintenance Workers, Machinery",-0.6875354140299256,1.902502852859022,0.5281235794748838,-0.2935199714111948,0.2065778220708512,1.634365292449362,0.5813615888015711,1.2272882608084237,"Installation, Maintenance, and Repair Occupations",1856.2995594713657,47049.12133891213,45281.88284518829
499051,Electrical Power-Line Installers and Repairers,-1.6323694025357631,0.5296861634468587,-1.3241635400187357,-0.7544218134585423,-1.5057035353730883,0.16720982963114486,-0.9643878790258152,-0.8958830757728002,"Installation, Maintenance, and Repair Occupations",11904.25925925926,65083.220338983054,64716.101694915254
499052,Telecommunications Line Installers and Repairers,-1.068741400128796,0.5158085853342745,-1.3241635400187357,-1.0648041391564227,0.17749776865834888,1.0261471889601457,-0.9643878790258152,0.17516786050233216,"Installation, Maintenance, and Repair Occupations",8105.238095238095,51839.859154929574,50552.957746478874
499071,"Maintenance and Repair Workers, General",0.10203711295257163,2.188064959347331,1.7373199197561535,0.20243963241493354,-0.2473879974078392,2.328768447779348,0.6053737022389811,1.1993609970071475,"Installation, Maintenance, and Repair Occupations",16122.808219178081,41899.45330296127,39791.48063781321
499098,"Helpers--Installation, Maintenance, and Repair Workers",-0.7807234073472066,0.8661890931589799,-1.3241635400187357,-0.5358791925022247,0.9292187393908352,2.0925233555198477,-0.9643878790258152,-0.8958830757728002,"Installation, Maintenance, and Repair Occupations",2376.3813229571983,31843.370786516854,30481.98501872659
499099,"Installation, Maintenance, and Repair Workers, All Other",-0.8842995297156461,1.8133295466347616,-0.36987669970679055,-0.4834151518016416,0.4422342844380504,1.84329106000762,-0.9643878790258152,0.3293551418170043,"Installation, Maintenance, and Repair Occupations",3138.1960784313724,44481.365313653136,41911.881918819185
511011,First-Line Supervisors of Production and Operating Workers,0.6710246095997802,0.8214068702785586,0.2432500739694141,0.1767239777637819,0.1480826002383819,0.7505689677061742,0.10225490219928188,1.0103842886948269,Production Occupations,9292.54491017964,62435.71428571428,59018.65889212828
513011,Bakers,0.0308896996411774,0.1815408540332934,-0.9635990108798808,-0.5921452971549575,0.9967264819608048,0.8153641239299099,-0.9643878790258152,-0.5224208134576519,Production Occupations,13452.686567164179,29349.21052631579,27636.71052631579
513021,Butchers and Meat Cutters,0.8498762157083016,0.4396065215021718,-0.7686596516300123,-0.4734214006430815,1.140354183971488,1.205585221098222,-0.9643878790258152,0.3814661112761128,Production Occupations,17129.736842105263,33548.205128205125,32245.641025641027
513022,"Meat, Poultry, and Fish Cutters and Trimmers",-1.6323694025357631,1.86551069166757,-0.8373995518257458,-1.2445940809938567,1.3221807428999064,0.03966930661687263,-0.9643878790258152,0.8759213407078711,Production Occupations,25476.333333333332,27870.60606060606,27067.272727272728
513023,Slaughterers and Meat Packers,-1.6323694025357631,0.444625446406176,0.39832442913744703,-1.3715103557664914,-1.5057035353730883,-0.4010241177467302,-0.9643878790258152,-0.8958830757728002,Production Occupations,27645.714285714286,26641.333333333332,25854.666666666668
513092,Food Batchmakers,-0.5876994531393477,0.5201838645009245,-0.8668621859889686,-0.5859515385542104,-1.5057035353730883,1.407634212246297,-0.9643878790258152,-0.8958830757728002,Production Occupations,18210.0,29934.897959183672,28026.938775510203
514011,"Computer-Controlled Machine Tool Operators, Metal and Plastic",-0.4658679029884682,0.20417329513541704,0.8552187780994651,-0.588040976393301,0.7298492645443931,0.6674226328016113,-0.9643878790258152,-0.3418597539738875,Production Occupations,10025.2,41625.125,40132.875
514031,"Cutting, Punching, and Press Machine Setters, Operators, and Tenders, Metal and Plastic",-0.09856097353841553,0.061054254727657374,-0.7095002494579511,-0.5831012348051886,0.9829748934704202,0.9353826432890292,-0.9643878790258152,0.06754131106917652,Production Occupations,9433.564356435643,34508.23008849558,33330.70796460177
514033,"Grinding/Lapping/Polishing/Buffing Machine Tool Setters, Operators, and Tenders, Metal and Plastic",-0.8338547994086167,-0.2053330224863304,-1.3241635400187357,-0.6998830236827394,-1.5057035353730883,0.1033055573308119,-0.9643878790258152,-0.8958830757728002,Production Occupations,4877.8378378378375,35084.35897435898,33381.794871794875
514041,Machinists,-0.6090454116113546,0.10493891802187696,0.08714848971079077,-0.7218774970317005,-0.061091930748049125,0.27295897218402554,-0.03895548964139302,-0.8958830757728002,Production Occupations,10467.447916666666,47890.753768844224,46942.41206030151
514072,"Molding, Coremaking, and Casting Machine Setters, Operators, and Tenders, Metal and Plastic",-0.9122679624914825,-0.17332406759075647,-0.9313534025829101,-0.6194733432364221,1.0670123786894372,0.5222494198722726,-0.9643878790258152,-0.8958830757728002,Production Occupations,8683.333333333334,35909.36170212766,33934.574468085106
514081,"Multiple Machine Tool Setters, Operators, and Tenders, Metal and Plastic",-0.5766974664077428,0.16874820350514266,-0.11553412348919813,-0.6805137263784827,0.14481424819171912,0.5658267928866361,-0.9643878790258152,0.4058223457749268,Production Occupations,7143.2558139534885,36620.87912087912,34626.92307692308
514111,Tool and Die Makers,-1.4291274703819743,-0.93554031461365,-1.3241635400187357,-1.1020711329565211,-1.5057035353730883,0.1641849801627099,-0.9643878790258152,-0.8958830757728002,Production Occupations,4021.6304347826085,51894.795918367345,50880.204081632655
514121,"Welders, Cutters, Solderers, and Brazers",-0.347072586167162,1.5409470951715425,1.5932694946230093,-0.6043474163865746,0.14481424819171912,1.9935262920893428,0.15773041327954687,1.2555937035495748,Production Occupations,9537.376237623763,46351.43540669856,44363.44497607656
515112,Printing Press Operators,-0.135527797480026,-0.20483806752438424,0.2013916166400856,-0.6384571958152854,1.1052112356071722,0.9215826763297632,-0.9643878790258152,-0.8958830757728002,Production Occupations,5777.615894039735,38334.7770700637,36664.267515923566
516011,Laundry and Dry-Cleaning Workers,-0.9914068448213944,0.8871490437018252,-1.1862384052202477,-1.1602492193967378,0.28535338619822725,-0.3961155978414769,-0.9643878790258152,-0.2355584960271757,Production Occupations,10119.33962264151,25979.391304347828,24576.695652173912
516031,Sewing Machine Operators,-1.3590278224863392,-0.93554031461365,-0.6390306693600276,-0.658032550466538,-1.5057035353730883,-0.9083500235086576,-0.9643878790258152,-0.8958830757728002,Production Occupations,5788.8983050847455,27865.190839694656,26430.076335877864
518031,Water and Wastewater Treatment Plant and System Operators,-1.1841188440877346,2.2041329067924607,1.3747622314926602,-0.6799584250177876,0.4356975803447244,1.6850254196341012,0.5511022191214269,1.417567753027236,Production Occupations,5907.478260869565,49248.604651162794,47928.29457364341
519023,"Mixing and Blending Machine Setters, Operators, and Tenders",-0.6281691310112958,0.4815799377203687,-0.7406341235635938,-0.5919645670229338,-1.5057035353730883,1.2007470713968558,-0.9643878790258152,-0.8958830757728002,Production Occupations,5525.826086956522,38715.24193548387,37028.95161290323
519061,"Inspectors, Testers, Sorters, Samplers, and Weighers",-0.7382953443341259,-0.12973608915423224,0.6808415980555913,-0.3557494294409761,0.3899406516914429,-0.13763314257865167,0.08712521735920943,0.08524678834490895,Production Occupations,9376.0,41891.17647058824,38976.76470588235
519111,Packaging and Filling Machine Operators and Tenders,-0.4810617602368811,0.203849497842792,-0.7611826594874515,-0.6629160741758755,1.1067391898838814,0.6287641665089905,-0.9643878790258152,0.7698557262388936,Production Occupations,12571.0625,32022.530120481926,30091.0843373494
519121,"Coating, Painting, and Spraying Machine Setters, Operators, and Tenders",-1.1143059369966657,0.2720461120279563,-0.35761445149555576,-0.7228330270556904,-1.5057035353730883,-0.3651504896786921,-0.9643878790258152,-0.8958830757728002,Production Occupations,3367.734375,36580.22222222222,34739.333333333336
519198,Helpers--Production Workers,-0.06147704783522182,0.38148152875861396,-1.0377036446680294,-0.5600190585579546,0.10886237567842597,1.205488426710666,-0.9643878790258152,0.5618634036325968,Production Occupations,9169.956896551725,29651.829268292684,28195.56910569106
519199,"Production Workers, All Other",-0.7126902231174115,-0.05399835826376748,-0.9753246866242338,-0.5760095253038929,0.9324870914374979,0.5662454348740963,-0.9643878790258152,-0.04612111659195554,Production Occupations,5359.1015625,34718.892857142855,32124.821428571428
532031,Flight Attendants,-1.6323694025357631,0.11927134010289868,-0.9020392132220276,0.8183431961866593,-1.5057035353730883,0.359458438073944,-0.9643878790258152,-0.8958830757728002,Transportation and Material Moving Occupations,39492.0,52421.11111111111,46704.444444444445
533021,"Bus Drivers, Transit and Intercity",0.5019943451581177,-0.18026151683903552,-1.3241635400187357,-0.5470146771046468,-1.5057035353730883,-0.3249823820887852,-0.9643878790258152,-0.8958830757728002,Transportation and Material Moving Occupations,12901.6,35541.72839506173,34006.543209876545
533022,"Bus Drivers, School or Special Client",0.251746755074071,0.2732689377268816,1.027095840328326,-0.20663284658461173,0.6154569429111887,0.7258666902186228,-0.9643878790258152,0.21661739362530802,Transportation and Material Moving Occupations,34443.617021276594,30967.961165048542,30284.466019417476
533031,Driver/Sales Workers,0.8930459512171006,0.9293181457556922,-1.1863868500225876,0.0582376387224521,1.3924666396285388,0.6982991105955599,-0.9643878790258152,1.2157438712729924,Transportation and Material Moving Occupations,14130.980392156862,32062.035928143712,29337.065868263475
533032,Heavy and Tractor-Trailer Truck Drivers,-0.5015367968360548,1.0908008356940957,2.095671163420155,-0.0628224760501135,0.4324292282980614,1.5198997443769215,-0.9643878790258152,2.3115243118412163,Transportation and Material Moving Occupations,27050.068728522336,42469.7342192691,40702.392026578076
533033,Light Truck or Delivery Services Drivers,0.173305509747767,0.3550585129902193,0.6842303166957403,0.15935174642252298,0.08598391135178501,1.8065472941128764,-0.4928460348435619,1.5621006916997546,Transportation and Material Moving Occupations,12481.43661971831,34013.11111111111,31826.083333333332
533041,Taxi Drivers and Chauffeurs,-0.8924435358752713,-0.18026151683903552,-1.3241635400187357,-0.6025901873285802,0.9945857803240948,-0.8185346026320192,-0.9643878790258152,-0.8958830757728002,Transportation and Material Moving Occupations,5633.351648351649,30249.267015706806,27888.376963350784
536021,Parking Lot Attendants,-0.9347178444640828,-0.2191237368587584,-1.1862384052202477,-0.2625088925427985,0.4272079129459809,-0.9592930493366498,-0.9643878790258152,-0.8958830757728002,Transportation and Material Moving Occupations,7380.4,25119.72972972973,23777.92792792793
537032,Excavating and Loading Machine and Dragline Operators,-0.5062692075065441,2.427752547678252,-1.3241635400187357,-0.4759076820498508,0.5435531978846028,0.5647920029483083,-0.9643878790258152,0.014097218414683806,Transportation and Material Moving Occupations,2409.4736842105262,46082.17821782178,43081.683168316835
537051,Industrial Truck and Tractor Operators,-0.5491626612571402,0.3572520650637145,1.1642402567541894,-0.2693441113460308,1.0578446530291803,0.6434232224877842,-0.9643878790258152,1.6194126722009463,Transportation and Material Moving Occupations,11149.53488372093,36991.97132616487,35454.91039426524
537061,Cleaners of Vehicles and Equipment,-0.04379665754228775,1.8084801248612628,-1.3241635400187357,-0.4946868329386202,1.123546686927685,0.600373577984681,-0.9643878790258152,0.062128814513884474,Transportation and Material Moving Occupations,9605.167464114833,29546.38766519824,28070.57268722467
537062,"Laborers and Freight, Stock, and Material Movers, Hand",-0.2738625613712916,0.4370762478999355,0.2792097028162583,-0.5184367516413082,-0.044750170514734164,1.7637340281626146,-0.9643878790258152,1.2107691822764,Transportation and Material Moving Occupations,34468.50899742931,31020.175438596492,28936.666666666668
537063,Machine Feeders and Offbearers,-0.880398613398521,-0.6504713512708297,-1.3241635400187357,-0.5212621633621329,0.2003762329849894,0.8745349097154679,-0.9643878790258152,-0.8958830757728002,Transportation and Material Moving Occupations,3132.7731092436975,30601.26984126984,28761.984126984127
537064,"Packers and Packagers, Hand",-0.3835852347061862,-0.20235714655036915,-0.10982566695956768,-0.5752657365757223,1.247310983341146,0.5261233040420585,-0.9643878790258152,1.8255222814629013,Transportation and Material Moving Occupations,16504.128440366974,27228.98678414097,25652.37885462555
537081,Refuse and Recyclable Material Collectors,-0.6594417506790374,1.0871610868661692,-0.8149787260377149,-0.3775058770716285,0.42589252420473545,0.9540381093804984,-0.9643878790258152,-0.10400680953665783,Transportation and Material Moving Occupations,12332.2,36547.142857142855,34998.36734693877
537199,"Material Moving Workers, All Other",-1.6323694025357631,-0.93554031461365,-1.3241635400187357,-1.3715103557664914,-1.5057035353730883,-1.1766408036044775,-0.9643878790258152,-0.8958830757728002,Transportation and Material Moving Occupations,1050.909090909091,38305.07575757576,36353.86363636364
